TRINITY_DN0_c0_g1_i1	S0005-DNDN0
TRINITY_DN9_c0_g1_i1	S0005-DNDN9
TRINITY_DN47_c0_g1_i1	S0005-DNDN47
TRINITY_DN65_c0_g1_i1	S0005-DNDN65
TRINITY_DN71_c0_g1_i1	S0005-DNDN71
TRINITY_DN25_c0_g1_i1	S0005-DNDN25
TRINITY_DN44_c0_g1_i1	S0005-DNDN44
TRINITY_DN16_c0_g1_i1	S0005-DNDN16
TRINITY_DN32_c0_g1_i1	S0005-DNDN32
TRINITY_DN66_c0_g1_i1	S0005-DNDN66
TRINITY_DN89_c0_g1_i1	S0005-DNDN89
TRINITY_DN56_c0_g1_i1	S0005-DNDN56
TRINITY_DN77_c0_g1_i1	S0005-DNDN77
TRINITY_DN37_c0_g1_i1	S0005-DNDN37
TRINITY_DN85_c0_g1_i1	S0005-DNDN85
TRINITY_DN41_c0_g1_i1	S0005-DNDN41
TRINITY_DN30_c0_g1_i1	S0005-DNDN30
TRINITY_DN30_c1_g1_i1	S0005-DNDN30
TRINITY_DN62_c0_g1_i1	S0005-DNDN62
TRINITY_DN82_c0_g1_i2	S0005-DNDN82
TRINITY_DN82_c0_g1_i1	S0005-DNDN82
TRINITY_DN38_c0_g1_i1	S0005-DNDN38
TRINITY_DN10_c0_g1_i1	S0005-DNDN10
TRINITY_DN35_c0_g1_i1	S0005-DNDN35
TRINITY_DN13_c0_g1_i1	S0005-DNDN13
TRINITY_DN48_c0_g1_i1	S0005-DNDN48
TRINITY_DN17_c0_g1_i1	S0005-DNDN17
TRINITY_DN68_c0_g1_i1	S0005-DNDN68
TRINITY_DN61_c0_g1_i1	S0005-DNDN61
TRINITY_DN20_c0_g1_i1	S0005-DNDN20
TRINITY_DN20_c0_g1_i2	S0005-DNDN20
TRINITY_DN67_c0_g1_i1	S0005-DNDN67
TRINITY_DN45_c0_g1_i1	S0005-DNDN45
TRINITY_DN31_c0_g1_i1	S0005-DNDN31
TRINITY_DN21_c0_g1_i1	S0005-DNDN21
TRINITY_DN24_c0_g1_i1	S0005-DNDN24
TRINITY_DN29_c0_g1_i1	S0005-DNDN29
TRINITY_DN69_c0_g1_i1	S0005-DNDN69
TRINITY_DN79_c0_g1_i1	S0005-DNDN79
TRINITY_DN8_c0_g1_i1	S0005-DNDN8
TRINITY_DN52_c0_g1_i1	S0005-DNDN52
TRINITY_DN84_c0_g1_i1	S0005-DNDN84
TRINITY_DN73_c0_g1_i1	S0005-DNDN73
TRINITY_DN86_c0_g1_i1	S0005-DNDN86
TRINITY_DN43_c0_g1_i1	S0005-DNDN43
TRINITY_DN43_c0_g1_i2	S0005-DNDN43
TRINITY_DN53_c0_g1_i1	S0005-DNDN53
TRINITY_DN80_c0_g1_i1	S0005-DNDN80
TRINITY_DN87_c0_g1_i2	S0005-DNDN87
TRINITY_DN87_c0_g1_i1	S0005-DNDN87
TRINITY_DN94_c0_g1_i1	S0005-DNDN94
TRINITY_DN76_c0_g1_i1	S0005-DNDN76
TRINITY_DN15_c0_g1_i1	S0005-DNDN15
TRINITY_DN19_c0_g1_i2	S0005-DNDN19
TRINITY_DN19_c0_g1_i1	S0005-DNDN19
TRINITY_DN72_c0_g1_i1	S0005-DNDN72
TRINITY_DN18_c0_g1_i1	S0005-DNDN18
TRINITY_DN51_c0_g1_i1	S0005-DNDN51
TRINITY_DN91_c0_g1_i1	S0005-DNDN91
TRINITY_DN3_c0_g1_i1	S0005-DNDN3
TRINITY_DN40_c0_g1_i1	S0005-DNDN40
TRINITY_DN50_c0_g1_i1	S0005-DNDN50
TRINITY_DN60_c0_g1_i1	S0005-DNDN60
TRINITY_DN39_c0_g1_i1	S0005-DNDN39
TRINITY_DN78_c0_g1_i1	S0005-DNDN78
TRINITY_DN33_c0_g1_i1	S0005-DNDN33
TRINITY_DN1_c0_g1_i1	S0005-DNDN1
TRINITY_DN75_c0_g1_i1	S0005-DNDN75
TRINITY_DN2041_c0_g1_i1	S0005-DNDN2041
TRINITY_DN2024_c0_g1_i1	S0005-DNDN2024
TRINITY_DN2067_c0_g1_i1	S0005-DNDN2067
TRINITY_DN2025_c0_g1_i1	S0005-DNDN2025
TRINITY_DN2000_c0_g1_i1	S0005-DNDN2000
TRINITY_DN2029_c0_g1_i1	S0005-DNDN2029
TRINITY_DN2001_c0_g1_i1	S0005-DNDN2001
TRINITY_DN2071_c0_g1_i1	S0005-DNDN2071
TRINITY_DN2051_c0_g1_i1	S0005-DNDN2051
TRINITY_DN2049_c0_g1_i1	S0005-DNDN2049
TRINITY_DN2022_c0_g1_i1	S0005-DNDN2022
TRINITY_DN2026_c0_g1_i1	S0005-DNDN2026
TRINITY_DN2093_c0_g1_i1	S0005-DNDN2093
TRINITY_DN2098_c0_g1_i1	S0005-DNDN2098
TRINITY_DN2015_c0_g1_i1	S0005-DNDN2015
TRINITY_DN2064_c0_g1_i1	S0005-DNDN2064
TRINITY_DN2083_c0_g1_i1	S0005-DNDN2083
TRINITY_DN2016_c0_g1_i1	S0005-DNDN2016
TRINITY_DN2056_c0_g1_i1	S0005-DNDN2056
TRINITY_DN2081_c0_g1_i1	S0005-DNDN2081
TRINITY_DN2037_c0_g1_i1	S0005-DNDN2037
TRINITY_DN2052_c0_g1_i1	S0005-DNDN2052
TRINITY_DN2077_c0_g1_i1	S0005-DNDN2077
TRINITY_DN2034_c0_g1_i1	S0005-DNDN2034
TRINITY_DN2012_c0_g1_i1	S0005-DNDN2012
TRINITY_DN2009_c0_g1_i1	S0005-DNDN2009
TRINITY_DN2072_c0_g1_i1	S0005-DNDN2072
TRINITY_DN2086_c0_g1_i1	S0005-DNDN2086
TRINITY_DN2058_c0_g1_i1	S0005-DNDN2058
TRINITY_DN2005_c0_g1_i1	S0005-DNDN2005
TRINITY_DN2018_c0_g1_i1	S0005-DNDN2018
TRINITY_DN2039_c0_g1_i1	S0005-DNDN2039
TRINITY_DN2035_c0_g1_i1	S0005-DNDN2035
TRINITY_DN2068_c0_g1_i1	S0005-DNDN2068
TRINITY_DN2045_c0_g1_i1	S0005-DNDN2045
TRINITY_DN2094_c0_g1_i1	S0005-DNDN2094
TRINITY_DN2084_c0_g1_i1	S0005-DNDN2084
TRINITY_DN2069_c0_g1_i1	S0005-DNDN2069
TRINITY_DN2038_c0_g1_i1	S0005-DNDN2038
TRINITY_DN2085_c0_g1_i1	S0005-DNDN2085
TRINITY_DN2092_c0_g1_i1	S0005-DNDN2092
TRINITY_DN2013_c0_g1_i1	S0005-DNDN2013
TRINITY_DN2055_c0_g1_i1	S0005-DNDN2055
TRINITY_DN2078_c0_g1_i1	S0005-DNDN2078
TRINITY_DN2021_c0_g1_i1	S0005-DNDN2021
TRINITY_DN2019_c0_g1_i1	S0005-DNDN2019
TRINITY_DN2046_c0_g1_i1	S0005-DNDN2046
TRINITY_DN2062_c0_g1_i1	S0005-DNDN2062
TRINITY_DN2054_c0_g1_i1	S0005-DNDN2054
TRINITY_DN2027_c0_g1_i1	S0005-DNDN2027
TRINITY_DN2042_c0_g1_i1	S0005-DNDN2042
TRINITY_DN2006_c0_g1_i1	S0005-DNDN2006
TRINITY_DN2031_c0_g1_i1	S0005-DNDN2031
TRINITY_DN2063_c0_g1_i1	S0005-DNDN2063
TRINITY_DN2010_c0_g1_i1	S0005-DNDN2010
TRINITY_DN2020_c0_g1_i1	S0005-DNDN2020
TRINITY_DN2096_c0_g1_i1	S0005-DNDN2096
TRINITY_DN2066_c0_g1_i1	S0005-DNDN2066
TRINITY_DN2095_c0_g1_i1	S0005-DNDN2095
TRINITY_DN2011_c0_g1_i1	S0005-DNDN2011
TRINITY_DN2043_c0_g1_i1	S0005-DNDN2043
TRINITY_DN2060_c0_g1_i1	S0005-DNDN2060
TRINITY_DN2036_c0_g1_i1	S0005-DNDN2036
TRINITY_DN2004_c0_g1_i1	S0005-DNDN2004
TRINITY_DN2073_c0_g1_i1	S0005-DNDN2073
TRINITY_DN2099_c0_g1_i1	S0005-DNDN2099
TRINITY_DN2079_c0_g1_i1	S0005-DNDN2079
TRINITY_DN2090_c0_g1_i1	S0005-DNDN2090
TRINITY_DN2091_c0_g1_i1	S0005-DNDN2091
TRINITY_DN2032_c0_g1_i1	S0005-DNDN2032
TRINITY_DN2082_c0_g1_i1	S0005-DNDN2082
TRINITY_DN2047_c0_g1_i1	S0005-DNDN2047
TRINITY_DN2059_c0_g1_i1	S0005-DNDN2059
TRINITY_DN2028_c0_g1_i1	S0005-DNDN2028
TRINITY_DN2061_c0_g1_i1	S0005-DNDN2061
TRINITY_DN2076_c0_g1_i1	S0005-DNDN2076
TRINITY_DN2097_c0_g1_i1	S0005-DNDN2097
TRINITY_DN2033_c0_g1_i1	S0005-DNDN2033
TRINITY_DN2044_c0_g1_i1	S0005-DNDN2044
TRINITY_DN2050_c0_g1_i1	S0005-DNDN2050
TRINITY_DN2003_c0_g1_i1	S0005-DNDN2003
TRINITY_DN2014_c0_g1_i1	S0005-DNDN2014
TRINITY_DN2087_c0_g1_i1	S0005-DNDN2087
TRINITY_DN2053_c0_g1_i1	S0005-DNDN2053
TRINITY_DN2088_c0_g1_i1	S0005-DNDN2088
TRINITY_DN2002_c0_g1_i1	S0005-DNDN2002
TRINITY_DN2007_c0_g1_i1	S0005-DNDN2007
TRINITY_DN2089_c0_g1_i1	S0005-DNDN2089
TRINITY_DN2030_c0_g1_i1	S0005-DNDN2030
TRINITY_DN2057_c0_g1_i1	S0005-DNDN2057
TRINITY_DN497_c0_g1_i1	S0005-DNDN497
TRINITY_DN446_c0_g1_i1	S0005-DNDN446
TRINITY_DN466_c0_g1_i1	S0005-DNDN466
TRINITY_DN452_c0_g1_i2	S0005-DNDN452
TRINITY_DN452_c0_g1_i1	S0005-DNDN452
TRINITY_DN468_c0_g1_i2	S0005-DNDN468
TRINITY_DN468_c0_g1_i1	S0005-DNDN468
TRINITY_DN410_c0_g1_i1	S0005-DNDN410
TRINITY_DN410_c2_g1_i1	S0005-DNDN410
TRINITY_DN423_c0_g1_i1	S0005-DNDN423
TRINITY_DN454_c0_g1_i1	S0005-DNDN454
TRINITY_DN454_c0_g1_i2	S0005-DNDN454
TRINITY_DN494_c0_g1_i1	S0005-DNDN494
TRINITY_DN494_c1_g1_i1	S0005-DNDN494
TRINITY_DN448_c0_g1_i1	S0005-DNDN448
TRINITY_DN416_c0_g1_i2	S0005-DNDN416
TRINITY_DN416_c0_g1_i1	S0005-DNDN416
TRINITY_DN489_c0_g1_i1	S0005-DNDN489
TRINITY_DN489_c1_g1_i1	S0005-DNDN489
TRINITY_DN418_c0_g1_i1	S0005-DNDN418
TRINITY_DN418_c0_g1_i2	S0005-DNDN418
TRINITY_DN472_c0_g1_i1	S0005-DNDN472
TRINITY_DN436_c0_g1_i1	S0005-DNDN436
TRINITY_DN436_c0_g1_i2	S0005-DNDN436
TRINITY_DN461_c0_g1_i1	S0005-DNDN461
TRINITY_DN467_c0_g1_i2	S0005-DNDN467
TRINITY_DN467_c0_g1_i1	S0005-DNDN467
TRINITY_DN496_c0_g1_i1	S0005-DNDN496
TRINITY_DN487_c0_g1_i1	S0005-DNDN487
TRINITY_DN431_c0_g1_i1	S0005-DNDN431
TRINITY_DN470_c0_g1_i1	S0005-DNDN470
TRINITY_DN498_c0_g1_i2	S0005-DNDN498
TRINITY_DN498_c0_g1_i1	S0005-DNDN498
TRINITY_DN464_c0_g1_i2	S0005-DNDN464
TRINITY_DN464_c0_g1_i3	S0005-DNDN464
TRINITY_DN464_c0_g1_i1	S0005-DNDN464
TRINITY_DN411_c0_g1_i1	S0005-DNDN411
TRINITY_DN459_c0_g1_i1	S0005-DNDN459
TRINITY_DN435_c0_g1_i1	S0005-DNDN435
TRINITY_DN408_c0_g1_i1	S0005-DNDN408
TRINITY_DN421_c0_g1_i1	S0005-DNDN421
TRINITY_DN421_c1_g1_i1	S0005-DNDN421
TRINITY_DN426_c0_g1_i1	S0005-DNDN426
TRINITY_DN426_c1_g1_i1	S0005-DNDN426
TRINITY_DN485_c0_g1_i1	S0005-DNDN485
TRINITY_DN485_c1_g1_i1	S0005-DNDN485
TRINITY_DN422_c0_g1_i1	S0005-DNDN422
TRINITY_DN422_c0_g1_i2	S0005-DNDN422
TRINITY_DN437_c0_g1_i1	S0005-DNDN437
TRINITY_DN463_c0_g1_i1	S0005-DNDN463
TRINITY_DN420_c0_g1_i1	S0005-DNDN420
TRINITY_DN492_c0_g1_i1	S0005-DNDN492
TRINITY_DN444_c0_g1_i1	S0005-DNDN444
TRINITY_DN433_c0_g1_i1	S0005-DNDN433
TRINITY_DN471_c0_g1_i1	S0005-DNDN471
TRINITY_DN471_c0_g1_i2	S0005-DNDN471
TRINITY_DN425_c0_g1_i1	S0005-DNDN425
TRINITY_DN401_c0_g1_i1	S0005-DNDN401
TRINITY_DN451_c0_g1_i1	S0005-DNDN451
TRINITY_DN400_c0_g1_i1	S0005-DNDN400
TRINITY_DN442_c0_g1_i1	S0005-DNDN442
TRINITY_DN440_c0_g1_i1	S0005-DNDN440
TRINITY_DN409_c1_g1_i1	S0005-DNDN409
TRINITY_DN499_c0_g1_i1	S0005-DNDN499
TRINITY_DN432_c0_g1_i1	S0005-DNDN432
TRINITY_DN473_c0_g1_i1	S0005-DNDN473
TRINITY_DN429_c0_g1_i1	S0005-DNDN429
TRINITY_DN430_c0_g1_i1	S0005-DNDN430
TRINITY_DN462_c0_g1_i1	S0005-DNDN462
TRINITY_DN474_c0_g1_i1	S0005-DNDN474
TRINITY_DN469_c0_g1_i1	S0005-DNDN469
TRINITY_DN469_c0_g1_i2	S0005-DNDN469
TRINITY_DN447_c0_g1_i1	S0005-DNDN447
TRINITY_DN405_c0_g1_i1	S0005-DNDN405
TRINITY_DN482_c0_g1_i1	S0005-DNDN482
TRINITY_DN403_c0_g1_i1	S0005-DNDN403
TRINITY_DN441_c0_g1_i1	S0005-DNDN441
TRINITY_DN402_c0_g1_i1	S0005-DNDN402
TRINITY_DN456_c0_g1_i2	S0005-DNDN456
TRINITY_DN456_c0_g1_i1	S0005-DNDN456
TRINITY_DN434_c0_g1_i1	S0005-DNDN434
TRINITY_DN438_c0_g1_i1	S0005-DNDN438
TRINITY_DN438_c0_g1_i2	S0005-DNDN438
TRINITY_DN443_c0_g1_i1	S0005-DNDN443
TRINITY_DN480_c0_g1_i1	S0005-DNDN480
TRINITY_DN480_c1_g1_i1	S0005-DNDN480
TRINITY_DN445_c0_g1_i1	S0005-DNDN445
TRINITY_DN495_c0_g1_i1	S0005-DNDN495
TRINITY_DN495_c1_g1_i1	S0005-DNDN495
TRINITY_DN406_c0_g1_i1	S0005-DNDN406
TRINITY_DN406_c0_g1_i2	S0005-DNDN406
TRINITY_DN406_c0_g1_i3	S0005-DNDN406
TRINITY_DN483_c0_g1_i2	S0005-DNDN483
TRINITY_DN483_c0_g1_i1	S0005-DNDN483
TRINITY_DN465_c0_g1_i1	S0005-DNDN465
TRINITY_DN465_c0_g1_i2	S0005-DNDN465
TRINITY_DN428_c0_g1_i1	S0005-DNDN428
TRINITY_DN417_c0_g1_i1	S0005-DNDN417
TRINITY_DN439_c0_g1_i1	S0005-DNDN439
TRINITY_DN457_c0_g1_i1	S0005-DNDN457
TRINITY_DN458_c0_g1_i1	S0005-DNDN458
TRINITY_DN484_c0_g1_i1	S0005-DNDN484
TRINITY_DN484_c0_g1_i2	S0005-DNDN484
TRINITY_DN486_c0_g1_i1	S0005-DNDN486
TRINITY_DN491_c0_g1_i1	S0005-DNDN491
TRINITY_DN419_c0_g1_i1	S0005-DNDN419
TRINITY_DN413_c0_g1_i1	S0005-DNDN413
TRINITY_DN413_c0_g1_i2	S0005-DNDN413
TRINITY_DN455_c0_g1_i1	S0005-DNDN455
TRINITY_DN455_c0_g1_i2	S0005-DNDN455
TRINITY_DN407_c0_g1_i1	S0005-DNDN407
TRINITY_DN488_c0_g1_i1	S0005-DNDN488
TRINITY_DN475_c0_g1_i1	S0005-DNDN475
TRINITY_DN475_c0_g1_i2	S0005-DNDN475
TRINITY_DN478_c0_g1_i1	S0005-DNDN478
TRINITY_DN493_c0_g1_i1	S0005-DNDN493
TRINITY_DN493_c0_g1_i2	S0005-DNDN493
TRINITY_DN414_c0_g1_i1	S0005-DNDN414
TRINITY_DN1190_c0_g1_i1	S0005-DNDN1190
TRINITY_DN1186_c0_g1_i1	S0005-DNDN1186
TRINITY_DN1139_c0_g1_i1	S0005-DNDN1139
TRINITY_DN1154_c0_g1_i1	S0005-DNDN1154
TRINITY_DN1104_c0_g1_i1	S0005-DNDN1104
TRINITY_DN1137_c0_g1_i1	S0005-DNDN1137
TRINITY_DN1188_c0_g1_i1	S0005-DNDN1188
TRINITY_DN1115_c0_g1_i1	S0005-DNDN1115
TRINITY_DN1127_c0_g1_i1	S0005-DNDN1127
TRINITY_DN1151_c0_g1_i1	S0005-DNDN1151
TRINITY_DN1161_c0_g1_i1	S0005-DNDN1161
TRINITY_DN1183_c0_g1_i1	S0005-DNDN1183
TRINITY_DN1135_c0_g1_i1	S0005-DNDN1135
TRINITY_DN1116_c0_g1_i1	S0005-DNDN1116
TRINITY_DN1126_c0_g1_i1	S0005-DNDN1126
TRINITY_DN1108_c0_g1_i1	S0005-DNDN1108
TRINITY_DN1102_c0_g1_i1	S0005-DNDN1102
TRINITY_DN1138_c0_g1_i1	S0005-DNDN1138
TRINITY_DN1180_c0_g1_i1	S0005-DNDN1180
TRINITY_DN1198_c0_g1_i1	S0005-DNDN1198
TRINITY_DN1100_c0_g1_i1	S0005-DNDN1100
TRINITY_DN1103_c0_g1_i1	S0005-DNDN1103
TRINITY_DN1163_c0_g1_i1	S0005-DNDN1163
TRINITY_DN1143_c0_g1_i1	S0005-DNDN1143
TRINITY_DN1171_c0_g1_i1	S0005-DNDN1171
TRINITY_DN1125_c0_g1_i1	S0005-DNDN1125
TRINITY_DN1197_c0_g1_i1	S0005-DNDN1197
TRINITY_DN1133_c0_g1_i1	S0005-DNDN1133
TRINITY_DN1162_c0_g1_i1	S0005-DNDN1162
TRINITY_DN1105_c0_g1_i1	S0005-DNDN1105
TRINITY_DN1195_c0_g1_i1	S0005-DNDN1195
TRINITY_DN1106_c0_g1_i1	S0005-DNDN1106
TRINITY_DN1146_c0_g1_i1	S0005-DNDN1146
TRINITY_DN1172_c0_g1_i1	S0005-DNDN1172
TRINITY_DN1124_c0_g1_i1	S0005-DNDN1124
TRINITY_DN1167_c0_g1_i1	S0005-DNDN1167
TRINITY_DN1187_c0_g1_i1	S0005-DNDN1187
TRINITY_DN1122_c0_g1_i1	S0005-DNDN1122
TRINITY_DN1178_c0_g1_i1	S0005-DNDN1178
TRINITY_DN1191_c0_g1_i1	S0005-DNDN1191
TRINITY_DN1169_c0_g1_i1	S0005-DNDN1169
TRINITY_DN1179_c0_g1_i1	S0005-DNDN1179
TRINITY_DN1168_c0_g1_i1	S0005-DNDN1168
TRINITY_DN1153_c0_g1_i1	S0005-DNDN1153
TRINITY_DN1194_c0_g1_i1	S0005-DNDN1194
TRINITY_DN1184_c0_g1_i1	S0005-DNDN1184
TRINITY_DN1185_c0_g1_i1	S0005-DNDN1185
TRINITY_DN1173_c0_g1_i1	S0005-DNDN1173
TRINITY_DN1119_c0_g1_i1	S0005-DNDN1119
TRINITY_DN1159_c0_g1_i1	S0005-DNDN1159
TRINITY_DN1132_c0_g1_i1	S0005-DNDN1132
TRINITY_DN1177_c0_g1_i1	S0005-DNDN1177
TRINITY_DN1199_c0_g1_i1	S0005-DNDN1199
TRINITY_DN1131_c0_g1_i1	S0005-DNDN1131
TRINITY_DN1101_c0_g1_i1	S0005-DNDN1101
TRINITY_DN1136_c0_g1_i1	S0005-DNDN1136
TRINITY_DN1112_c0_g1_i1	S0005-DNDN1112
TRINITY_DN1176_c0_g1_i1	S0005-DNDN1176
TRINITY_DN1120_c0_g1_i1	S0005-DNDN1120
TRINITY_DN1189_c0_g1_i1	S0005-DNDN1189
TRINITY_DN1114_c0_g1_i1	S0005-DNDN1114
TRINITY_DN1118_c0_g1_i1	S0005-DNDN1118
TRINITY_DN1142_c0_g1_i1	S0005-DNDN1142
TRINITY_DN1109_c0_g1_i1	S0005-DNDN1109
TRINITY_DN1145_c0_g1_i1	S0005-DNDN1145
TRINITY_DN1152_c0_g1_i1	S0005-DNDN1152
TRINITY_DN1110_c0_g1_i1	S0005-DNDN1110
TRINITY_DN1196_c0_g1_i1	S0005-DNDN1196
TRINITY_DN1144_c0_g1_i1	S0005-DNDN1144
TRINITY_DN1117_c0_g1_i1	S0005-DNDN1117
TRINITY_DN1111_c0_g1_i1	S0005-DNDN1111
TRINITY_DN1175_c0_g1_i1	S0005-DNDN1175
TRINITY_DN1192_c0_g1_i1	S0005-DNDN1192
TRINITY_DN1113_c0_g1_i1	S0005-DNDN1113
TRINITY_DN1140_c0_g1_i1	S0005-DNDN1140
TRINITY_DN1121_c0_g1_i1	S0005-DNDN1121
TRINITY_DN1174_c0_g1_i1	S0005-DNDN1174
TRINITY_DN1156_c0_g1_i1	S0005-DNDN1156
TRINITY_DN1181_c0_g1_i1	S0005-DNDN1181
TRINITY_DN1134_c0_g1_i1	S0005-DNDN1134
TRINITY_DN1149_c0_g1_i1	S0005-DNDN1149
TRINITY_DN1130_c0_g1_i1	S0005-DNDN1130
TRINITY_DN1160_c0_g1_i1	S0005-DNDN1160
TRINITY_DN1182_c0_g1_i1	S0005-DNDN1182
TRINITY_DN1158_c0_g1_i1	S0005-DNDN1158
TRINITY_DN1164_c0_g1_i1	S0005-DNDN1164
TRINITY_DN1166_c0_g1_i1	S0005-DNDN1166
TRINITY_DN1123_c0_g1_i1	S0005-DNDN1123
TRINITY_DN1157_c0_g1_i1	S0005-DNDN1157
TRINITY_DN1150_c0_g1_i1	S0005-DNDN1150
TRINITY_DN1147_c0_g1_i1	S0005-DNDN1147
TRINITY_DN1170_c0_g1_i1	S0005-DNDN1170
TRINITY_DN879_c0_g1_i1	S0005-DNDN879
TRINITY_DN858_c0_g1_i1	S0005-DNDN858
TRINITY_DN843_c0_g1_i1	S0005-DNDN843
TRINITY_DN841_c0_g1_i2	S0005-DNDN841
TRINITY_DN841_c0_g1_i1	S0005-DNDN841
TRINITY_DN887_c0_g1_i1	S0005-DNDN887
TRINITY_DN893_c0_g1_i1	S0005-DNDN893
TRINITY_DN848_c0_g1_i1	S0005-DNDN848
TRINITY_DN891_c0_g1_i1	S0005-DNDN891
TRINITY_DN899_c0_g1_i1	S0005-DNDN899
TRINITY_DN823_c0_g1_i1	S0005-DNDN823
TRINITY_DN838_c0_g1_i1	S0005-DNDN838
TRINITY_DN898_c0_g1_i1	S0005-DNDN898
TRINITY_DN842_c0_g1_i1	S0005-DNDN842
TRINITY_DN856_c0_g1_i1	S0005-DNDN856
TRINITY_DN870_c0_g1_i1	S0005-DNDN870
TRINITY_DN890_c0_g1_i1	S0005-DNDN890
TRINITY_DN865_c0_g1_i1	S0005-DNDN865
TRINITY_DN834_c0_g1_i1	S0005-DNDN834
TRINITY_DN806_c0_g1_i1	S0005-DNDN806
TRINITY_DN800_c0_g1_i1	S0005-DNDN800
TRINITY_DN845_c0_g1_i1	S0005-DNDN845
TRINITY_DN867_c0_g1_i1	S0005-DNDN867
TRINITY_DN808_c0_g1_i1	S0005-DNDN808
TRINITY_DN808_c1_g1_i1	S0005-DNDN808
TRINITY_DN840_c0_g1_i1	S0005-DNDN840
TRINITY_DN813_c0_g1_i1	S0005-DNDN813
TRINITY_DN895_c0_g1_i1	S0005-DNDN895
TRINITY_DN869_c0_g1_i1	S0005-DNDN869
TRINITY_DN824_c0_g1_i1	S0005-DNDN824
TRINITY_DN874_c0_g1_i1	S0005-DNDN874
TRINITY_DN863_c0_g1_i1	S0005-DNDN863
TRINITY_DN802_c0_g1_i1	S0005-DNDN802
TRINITY_DN846_c0_g1_i1	S0005-DNDN846
TRINITY_DN832_c0_g1_i1	S0005-DNDN832
TRINITY_DN831_c0_g1_i1	S0005-DNDN831
TRINITY_DN804_c0_g1_i1	S0005-DNDN804
TRINITY_DN871_c0_g1_i1	S0005-DNDN871
TRINITY_DN825_c0_g1_i1	S0005-DNDN825
TRINITY_DN882_c0_g1_i1	S0005-DNDN882
TRINITY_DN888_c0_g1_i1	S0005-DNDN888
TRINITY_DN812_c0_g1_i1	S0005-DNDN812
TRINITY_DN810_c0_g1_i1	S0005-DNDN810
TRINITY_DN811_c0_g1_i1	S0005-DNDN811
TRINITY_DN805_c0_g1_i1	S0005-DNDN805
TRINITY_DN830_c0_g1_i1	S0005-DNDN830
TRINITY_DN827_c0_g1_i1	S0005-DNDN827
TRINITY_DN877_c0_g1_i1	S0005-DNDN877
TRINITY_DN836_c0_g1_i1	S0005-DNDN836
TRINITY_DN862_c0_g1_i1	S0005-DNDN862
TRINITY_DN829_c0_g1_i1	S0005-DNDN829
TRINITY_DN878_c0_g1_i1	S0005-DNDN878
TRINITY_DN886_c0_g1_i1	S0005-DNDN886
TRINITY_DN850_c0_g1_i1	S0005-DNDN850
TRINITY_DN820_c0_g1_i1	S0005-DNDN820
TRINITY_DN821_c0_g1_i1	S0005-DNDN821
TRINITY_DN854_c0_g1_i1	S0005-DNDN854
TRINITY_DN885_c0_g1_i1	S0005-DNDN885
TRINITY_DN859_c0_g1_i1	S0005-DNDN859
TRINITY_DN801_c0_g1_i1	S0005-DNDN801
TRINITY_DN872_c0_g1_i1	S0005-DNDN872
TRINITY_DN822_c0_g1_i1	S0005-DNDN822
TRINITY_DN883_c0_g1_i1	S0005-DNDN883
TRINITY_DN852_c0_g1_i1	S0005-DNDN852
TRINITY_DN880_c0_g1_i1	S0005-DNDN880
TRINITY_DN816_c0_g1_i1	S0005-DNDN816
TRINITY_DN809_c0_g1_i1	S0005-DNDN809
TRINITY_DN814_c0_g1_i1	S0005-DNDN814
TRINITY_DN849_c0_g1_i1	S0005-DNDN849
TRINITY_DN847_c0_g1_i1	S0005-DNDN847
TRINITY_DN815_c0_g1_i1	S0005-DNDN815
TRINITY_DN889_c0_g1_i1	S0005-DNDN889
TRINITY_DN844_c0_g1_i1	S0005-DNDN844
TRINITY_DN828_c0_g1_i1	S0005-DNDN828
TRINITY_DN828_c1_g1_i1	S0005-DNDN828
TRINITY_DN828_c2_g1_i1	S0005-DNDN828
TRINITY_DN803_c0_g1_i1	S0005-DNDN803
TRINITY_DN894_c0_g1_i1	S0005-DNDN894
TRINITY_DN817_c0_g1_i1	S0005-DNDN817
TRINITY_DN839_c0_g1_i1	S0005-DNDN839
TRINITY_DN839_c1_g1_i1	S0005-DNDN839
TRINITY_DN881_c0_g1_i1	S0005-DNDN881
TRINITY_DN855_c0_g1_i1	S0005-DNDN855
TRINITY_DN853_c0_g1_i1	S0005-DNDN853
TRINITY_DN851_c0_g1_i1	S0005-DNDN851
TRINITY_DN826_c0_g1_i1	S0005-DNDN826
TRINITY_DN868_c0_g1_i1	S0005-DNDN868
TRINITY_DN833_c0_g1_i1	S0005-DNDN833
TRINITY_DN807_c0_g1_i1	S0005-DNDN807
TRINITY_DN896_c0_g1_i1	S0005-DNDN896
TRINITY_DN897_c0_g1_i1	S0005-DNDN897
TRINITY_DN819_c0_g1_i1	S0005-DNDN819
TRINITY_DN857_c0_g1_i1	S0005-DNDN857
TRINITY_DN866_c0_g1_i1	S0005-DNDN866
TRINITY_DN818_c0_g1_i1	S0005-DNDN818
TRINITY_DN285_c0_g1_i1	S0005-DNDN285
TRINITY_DN220_c0_g1_i1	S0005-DNDN220
TRINITY_DN217_c0_g1_i1	S0005-DNDN217
TRINITY_DN294_c0_g1_i1	S0005-DNDN294
TRINITY_DN202_c0_g1_i1	S0005-DNDN202
TRINITY_DN202_c1_g1_i1	S0005-DNDN202
TRINITY_DN238_c0_g1_i1	S0005-DNDN238
TRINITY_DN288_c0_g1_i1	S0005-DNDN288
TRINITY_DN266_c0_g1_i1	S0005-DNDN266
TRINITY_DN293_c0_g1_i1	S0005-DNDN293
TRINITY_DN219_c0_g1_i1	S0005-DNDN219
TRINITY_DN292_c0_g1_i1	S0005-DNDN292
TRINITY_DN213_c0_g1_i1	S0005-DNDN213
TRINITY_DN254_c0_g1_i1	S0005-DNDN254
TRINITY_DN254_c0_g1_i2	S0005-DNDN254
TRINITY_DN240_c0_g1_i1	S0005-DNDN240
TRINITY_DN269_c0_g1_i1	S0005-DNDN269
TRINITY_DN205_c0_g1_i1	S0005-DNDN205
TRINITY_DN299_c0_g1_i1	S0005-DNDN299
TRINITY_DN255_c0_g1_i1	S0005-DNDN255
TRINITY_DN230_c0_g1_i1	S0005-DNDN230
TRINITY_DN232_c0_g1_i1	S0005-DNDN232
TRINITY_DN216_c0_g1_i1	S0005-DNDN216
TRINITY_DN223_c0_g1_i1	S0005-DNDN223
TRINITY_DN248_c0_g1_i1	S0005-DNDN248
TRINITY_DN262_c0_g1_i1	S0005-DNDN262
TRINITY_DN282_c0_g1_i1	S0005-DNDN282
TRINITY_DN298_c0_g1_i1	S0005-DNDN298
TRINITY_DN274_c0_g1_i1	S0005-DNDN274
TRINITY_DN234_c0_g1_i1	S0005-DNDN234
TRINITY_DN278_c0_g1_i1	S0005-DNDN278
TRINITY_DN208_c0_g1_i1	S0005-DNDN208
TRINITY_DN273_c0_g1_i1	S0005-DNDN273
TRINITY_DN264_c0_g1_i1	S0005-DNDN264
TRINITY_DN211_c0_g1_i1	S0005-DNDN211
TRINITY_DN204_c0_g1_i1	S0005-DNDN204
TRINITY_DN201_c0_g1_i1	S0005-DNDN201
TRINITY_DN296_c0_g1_i1	S0005-DNDN296
TRINITY_DN267_c0_g1_i1	S0005-DNDN267
TRINITY_DN235_c0_g1_i1	S0005-DNDN235
TRINITY_DN253_c0_g1_i1	S0005-DNDN253
TRINITY_DN287_c0_g1_i1	S0005-DNDN287
TRINITY_DN215_c0_g1_i1	S0005-DNDN215
TRINITY_DN221_c0_g1_i1	S0005-DNDN221
TRINITY_DN237_c0_g1_i1	S0005-DNDN237
TRINITY_DN225_c0_g1_i1	S0005-DNDN225
TRINITY_DN233_c0_g1_i1	S0005-DNDN233
TRINITY_DN251_c0_g1_i1	S0005-DNDN251
TRINITY_DN279_c0_g1_i1	S0005-DNDN279
TRINITY_DN200_c0_g1_i1	S0005-DNDN200
TRINITY_DN203_c0_g1_i1	S0005-DNDN203
TRINITY_DN297_c0_g1_i1	S0005-DNDN297
TRINITY_DN207_c0_g1_i1	S0005-DNDN207
TRINITY_DN209_c0_g1_i1	S0005-DNDN209
TRINITY_DN214_c0_g1_i1	S0005-DNDN214
TRINITY_DN206_c0_g1_i1	S0005-DNDN206
TRINITY_DN290_c0_g1_i1	S0005-DNDN290
TRINITY_DN241_c0_g1_i1	S0005-DNDN241
TRINITY_DN275_c0_g1_i1	S0005-DNDN275
TRINITY_DN281_c0_g1_i1	S0005-DNDN281
TRINITY_DN276_c0_g1_i1	S0005-DNDN276
TRINITY_DN270_c0_g1_i1	S0005-DNDN270
TRINITY_DN295_c0_g1_i1	S0005-DNDN295
TRINITY_DN295_c1_g1_i1	S0005-DNDN295
TRINITY_DN265_c0_g1_i1	S0005-DNDN265
TRINITY_DN247_c0_g1_i1	S0005-DNDN247
TRINITY_DN277_c0_g1_i1	S0005-DNDN277
TRINITY_DN239_c0_g1_i1	S0005-DNDN239
TRINITY_DN245_c0_g1_i1	S0005-DNDN245
TRINITY_DN620_c0_g1_i1	S0005-DNDN620
TRINITY_DN663_c0_g1_i1	S0005-DNDN663
TRINITY_DN628_c0_g1_i1	S0005-DNDN628
TRINITY_DN626_c0_g1_i1	S0005-DNDN626
TRINITY_DN607_c0_g1_i1	S0005-DNDN607
TRINITY_DN664_c0_g1_i1	S0005-DNDN664
TRINITY_DN678_c0_g1_i1	S0005-DNDN678
TRINITY_DN653_c0_g1_i1	S0005-DNDN653
TRINITY_DN649_c0_g1_i1	S0005-DNDN649
TRINITY_DN690_c0_g1_i1	S0005-DNDN690
TRINITY_DN696_c0_g1_i1	S0005-DNDN696
TRINITY_DN657_c0_g1_i1	S0005-DNDN657
TRINITY_DN698_c0_g1_i1	S0005-DNDN698
TRINITY_DN660_c0_g1_i1	S0005-DNDN660
TRINITY_DN610_c0_g1_i1	S0005-DNDN610
TRINITY_DN633_c0_g1_i1	S0005-DNDN633
TRINITY_DN642_c0_g1_i1	S0005-DNDN642
TRINITY_DN621_c0_g1_i1	S0005-DNDN621
TRINITY_DN697_c0_g1_i1	S0005-DNDN697
TRINITY_DN699_c0_g1_i1	S0005-DNDN699
TRINITY_DN619_c0_g1_i1	S0005-DNDN619
TRINITY_DN605_c0_g1_i1	S0005-DNDN605
TRINITY_DN625_c0_g1_i1	S0005-DNDN625
TRINITY_DN650_c0_g1_i1	S0005-DNDN650
TRINITY_DN611_c0_g1_i1	S0005-DNDN611
TRINITY_DN665_c0_g1_i1	S0005-DNDN665
TRINITY_DN671_c0_g1_i1	S0005-DNDN671
TRINITY_DN666_c0_g1_i1	S0005-DNDN666
TRINITY_DN601_c0_g1_i1	S0005-DNDN601
TRINITY_DN602_c0_g1_i1	S0005-DNDN602
TRINITY_DN632_c0_g1_i1	S0005-DNDN632
TRINITY_DN693_c0_g1_i1	S0005-DNDN693
TRINITY_DN634_c0_g1_i1	S0005-DNDN634
TRINITY_DN674_c0_g1_i1	S0005-DNDN674
TRINITY_DN667_c0_g1_i1	S0005-DNDN667
TRINITY_DN687_c0_g1_i1	S0005-DNDN687
TRINITY_DN658_c0_g1_i1	S0005-DNDN658
TRINITY_DN645_c0_g1_i1	S0005-DNDN645
TRINITY_DN645_c1_g1_i1	S0005-DNDN645
TRINITY_DN643_c0_g1_i1	S0005-DNDN643
TRINITY_DN669_c0_g1_i1	S0005-DNDN669
TRINITY_DN638_c0_g1_i1	S0005-DNDN638
TRINITY_DN600_c0_g1_i1	S0005-DNDN600
TRINITY_DN656_c0_g1_i1	S0005-DNDN656
TRINITY_DN681_c0_g1_i1	S0005-DNDN681
TRINITY_DN608_c0_g1_i1	S0005-DNDN608
TRINITY_DN624_c0_g1_i1	S0005-DNDN624
TRINITY_DN604_c0_g1_i1	S0005-DNDN604
TRINITY_DN606_c0_g1_i1	S0005-DNDN606
TRINITY_DN677_c0_g1_i1	S0005-DNDN677
TRINITY_DN684_c0_g1_i1	S0005-DNDN684
TRINITY_DN685_c0_g1_i1	S0005-DNDN685
TRINITY_DN637_c0_g1_i1	S0005-DNDN637
TRINITY_DN615_c0_g1_i1	S0005-DNDN615
TRINITY_DN682_c0_g1_i1	S0005-DNDN682
TRINITY_DN651_c0_g1_i1	S0005-DNDN651
TRINITY_DN613_c0_g1_i1	S0005-DNDN613
TRINITY_DN680_c0_g1_i1	S0005-DNDN680
TRINITY_DN644_c0_g1_i1	S0005-DNDN644
TRINITY_DN640_c0_g1_i1	S0005-DNDN640
TRINITY_DN648_c0_g1_i1	S0005-DNDN648
TRINITY_DN612_c0_g1_i1	S0005-DNDN612
TRINITY_DN672_c0_g1_i1	S0005-DNDN672
TRINITY_DN673_c0_g1_i1	S0005-DNDN673
TRINITY_DN668_c0_g1_i1	S0005-DNDN668
TRINITY_DN641_c0_g1_i1	S0005-DNDN641
TRINITY_DN641_c1_g1_i1	S0005-DNDN641
TRINITY_DN691_c0_g1_i1	S0005-DNDN691
TRINITY_DN627_c0_g1_i1	S0005-DNDN627
TRINITY_DN629_c0_g1_i1	S0005-DNDN629
TRINITY_DN670_c0_g1_i1	S0005-DNDN670
TRINITY_DN609_c0_g1_i1	S0005-DNDN609
TRINITY_DN654_c0_g1_i1	S0005-DNDN654
TRINITY_DN603_c1_g1_i1	S0005-DNDN603
TRINITY_DN603_c2_g1_i1	S0005-DNDN603
TRINITY_DN630_c0_g1_i1	S0005-DNDN630
TRINITY_DN636_c0_g1_i1	S0005-DNDN636
TRINITY_DN659_c0_g1_i1	S0005-DNDN659
TRINITY_DN688_c0_g1_i1	S0005-DNDN688
TRINITY_DN618_c0_g1_i1	S0005-DNDN618
TRINITY_DN689_c0_g1_i1	S0005-DNDN689
TRINITY_DN616_c0_g1_i1	S0005-DNDN616
TRINITY_DN686_c0_g1_i1	S0005-DNDN686
TRINITY_DN694_c0_g1_i1	S0005-DNDN694
TRINITY_DN614_c0_g1_i1	S0005-DNDN614
TRINITY_DN652_c0_g1_i1	S0005-DNDN652
TRINITY_DN652_c1_g1_i1	S0005-DNDN652
TRINITY_DN647_c0_g1_i1	S0005-DNDN647
TRINITY_DN622_c0_g1_i1	S0005-DNDN622
TRINITY_DN617_c0_g1_i1	S0005-DNDN617
TRINITY_DN676_c0_g1_i1	S0005-DNDN676
TRINITY_DN679_c0_g1_i1	S0005-DNDN679
TRINITY_DN623_c0_g1_i1	S0005-DNDN623
TRINITY_DN695_c0_g1_i1	S0005-DNDN695
TRINITY_DN661_c0_g1_i1	S0005-DNDN661
TRINITY_DN655_c0_g1_i1	S0005-DNDN655
TRINITY_DN692_c0_g1_i1	S0005-DNDN692
TRINITY_DN1982_c0_g1_i1	S0005-DNDN1982
TRINITY_DN1985_c0_g1_i1	S0005-DNDN1985
TRINITY_DN1976_c0_g1_i1	S0005-DNDN1976
TRINITY_DN1953_c0_g1_i1	S0005-DNDN1953
TRINITY_DN1905_c0_g1_i1	S0005-DNDN1905
TRINITY_DN1964_c0_g1_i1	S0005-DNDN1964
TRINITY_DN1969_c0_g1_i1	S0005-DNDN1969
TRINITY_DN1990_c0_g1_i1	S0005-DNDN1990
TRINITY_DN1975_c0_g1_i1	S0005-DNDN1975
TRINITY_DN1979_c0_g1_i1	S0005-DNDN1979
TRINITY_DN1943_c0_g1_i1	S0005-DNDN1943
TRINITY_DN1934_c0_g1_i1	S0005-DNDN1934
TRINITY_DN1996_c0_g1_i1	S0005-DNDN1996
TRINITY_DN1956_c0_g1_i1	S0005-DNDN1956
TRINITY_DN1973_c0_g1_i1	S0005-DNDN1973
TRINITY_DN1991_c0_g1_i1	S0005-DNDN1991
TRINITY_DN1999_c0_g1_i1	S0005-DNDN1999
TRINITY_DN1955_c0_g1_i1	S0005-DNDN1955
TRINITY_DN1954_c0_g1_i1	S0005-DNDN1954
TRINITY_DN1917_c0_g1_i1	S0005-DNDN1917
TRINITY_DN1925_c0_g1_i1	S0005-DNDN1925
TRINITY_DN1980_c0_g1_i1	S0005-DNDN1980
TRINITY_DN1981_c0_g1_i1	S0005-DNDN1981
TRINITY_DN1939_c0_g1_i1	S0005-DNDN1939
TRINITY_DN1902_c0_g1_i1	S0005-DNDN1902
TRINITY_DN1916_c0_g1_i1	S0005-DNDN1916
TRINITY_DN1938_c0_g1_i1	S0005-DNDN1938
TRINITY_DN1936_c0_g1_i1	S0005-DNDN1936
TRINITY_DN1967_c0_g1_i1	S0005-DNDN1967
TRINITY_DN1910_c0_g1_i1	S0005-DNDN1910
TRINITY_DN1931_c0_g1_i1	S0005-DNDN1931
TRINITY_DN1906_c0_g1_i1	S0005-DNDN1906
TRINITY_DN1957_c0_g1_i1	S0005-DNDN1957
TRINITY_DN1946_c0_g1_i1	S0005-DNDN1946
TRINITY_DN1998_c0_g1_i1	S0005-DNDN1998
TRINITY_DN1948_c0_g1_i1	S0005-DNDN1948
TRINITY_DN1901_c0_g1_i1	S0005-DNDN1901
TRINITY_DN1987_c0_g1_i1	S0005-DNDN1987
TRINITY_DN1907_c0_g1_i1	S0005-DNDN1907
TRINITY_DN1903_c0_g1_i1	S0005-DNDN1903
TRINITY_DN1912_c0_g1_i1	S0005-DNDN1912
TRINITY_DN1937_c0_g1_i1	S0005-DNDN1937
TRINITY_DN1961_c0_g1_i1	S0005-DNDN1961
TRINITY_DN1947_c0_g1_i1	S0005-DNDN1947
TRINITY_DN1988_c0_g1_i1	S0005-DNDN1988
TRINITY_DN1922_c0_g1_i1	S0005-DNDN1922
TRINITY_DN1923_c0_g1_i1	S0005-DNDN1923
TRINITY_DN1962_c0_g1_i1	S0005-DNDN1962
TRINITY_DN1940_c0_g1_i1	S0005-DNDN1940
TRINITY_DN1929_c0_g1_i1	S0005-DNDN1929
TRINITY_DN1900_c0_g1_i1	S0005-DNDN1900
TRINITY_DN1994_c0_g1_i1	S0005-DNDN1994
TRINITY_DN1984_c0_g1_i1	S0005-DNDN1984
TRINITY_DN1952_c0_g1_i1	S0005-DNDN1952
TRINITY_DN1930_c0_g1_i1	S0005-DNDN1930
TRINITY_DN1977_c0_g1_i1	S0005-DNDN1977
TRINITY_DN1971_c0_g1_i1	S0005-DNDN1971
TRINITY_DN1924_c0_g1_i1	S0005-DNDN1924
TRINITY_DN1918_c0_g1_i1	S0005-DNDN1918
TRINITY_DN1949_c0_g1_i1	S0005-DNDN1949
TRINITY_DN1995_c0_g1_i1	S0005-DNDN1995
TRINITY_DN1932_c0_g1_i1	S0005-DNDN1932
TRINITY_DN1927_c0_g1_i1	S0005-DNDN1927
TRINITY_DN1992_c0_g1_i1	S0005-DNDN1992
TRINITY_DN1914_c0_g1_i1	S0005-DNDN1914
TRINITY_DN1904_c0_g1_i1	S0005-DNDN1904
TRINITY_DN1911_c0_g1_i1	S0005-DNDN1911
TRINITY_DN1965_c0_g1_i1	S0005-DNDN1965
TRINITY_DN1966_c0_g1_i1	S0005-DNDN1966
TRINITY_DN1970_c0_g1_i1	S0005-DNDN1970
TRINITY_DN1942_c0_g1_i1	S0005-DNDN1942
TRINITY_DN1963_c0_g1_i1	S0005-DNDN1963
TRINITY_DN1909_c0_g1_i1	S0005-DNDN1909
TRINITY_DN1958_c0_g1_i1	S0005-DNDN1958
TRINITY_DN1944_c0_g1_i1	S0005-DNDN1944
TRINITY_DN1921_c0_g1_i1	S0005-DNDN1921
TRINITY_DN1915_c0_g1_i1	S0005-DNDN1915
TRINITY_DN1926_c0_g1_i1	S0005-DNDN1926
TRINITY_DN1986_c0_g1_i1	S0005-DNDN1986
TRINITY_DN1935_c0_g1_i1	S0005-DNDN1935
TRINITY_DN1974_c0_g1_i1	S0005-DNDN1974
TRINITY_DN1941_c0_g1_i1	S0005-DNDN1941
TRINITY_DN1968_c0_g1_i1	S0005-DNDN1968
TRINITY_DN1972_c0_g1_i1	S0005-DNDN1972
TRINITY_DN1959_c0_g1_i1	S0005-DNDN1959
TRINITY_DN1989_c0_g1_i1	S0005-DNDN1989
TRINITY_DN1951_c0_g1_i1	S0005-DNDN1951
TRINITY_DN1978_c0_g1_i1	S0005-DNDN1978
TRINITY_DN1960_c0_g1_i1	S0005-DNDN1960
TRINITY_DN1913_c0_g1_i1	S0005-DNDN1913
TRINITY_DN1933_c0_g1_i1	S0005-DNDN1933
TRINITY_DN1920_c0_g1_i1	S0005-DNDN1920
TRINITY_DN1950_c0_g1_i1	S0005-DNDN1950
TRINITY_DN2313_c0_g1_i1	S0005-DNDN2313
TRINITY_DN2345_c0_g1_i1	S0005-DNDN2345
TRINITY_DN2300_c0_g1_i1	S0005-DNDN2300
TRINITY_DN2318_c0_g1_i1	S0005-DNDN2318
TRINITY_DN2310_c0_g1_i1	S0005-DNDN2310
TRINITY_DN2312_c0_g1_i1	S0005-DNDN2312
TRINITY_DN2309_c0_g1_i1	S0005-DNDN2309
TRINITY_DN2308_c0_g1_i1	S0005-DNDN2308
TRINITY_DN2304_c0_g1_i1	S0005-DNDN2304
TRINITY_DN2317_c0_g1_i1	S0005-DNDN2317
TRINITY_DN2314_c0_g1_i1	S0005-DNDN2314
TRINITY_DN2333_c0_g1_i1	S0005-DNDN2333
TRINITY_DN2344_c0_g1_i1	S0005-DNDN2344
TRINITY_DN2315_c0_g1_i1	S0005-DNDN2315
TRINITY_DN2302_c0_g1_i1	S0005-DNDN2302
TRINITY_DN2329_c0_g1_i1	S0005-DNDN2329
TRINITY_DN2319_c0_g1_i1	S0005-DNDN2319
TRINITY_DN2327_c0_g1_i1	S0005-DNDN2327
TRINITY_DN2346_c0_g1_i1	S0005-DNDN2346
TRINITY_DN2303_c0_g1_i1	S0005-DNDN2303
TRINITY_DN2306_c0_g1_i1	S0005-DNDN2306
TRINITY_DN2331_c0_g1_i1	S0005-DNDN2331
TRINITY_DN2347_c0_g1_i1	S0005-DNDN2347
TRINITY_DN2332_c0_g1_i1	S0005-DNDN2332
TRINITY_DN2343_c0_g1_i1	S0005-DNDN2343
TRINITY_DN2350_c0_g1_i1	S0005-DNDN2350
TRINITY_DN2338_c0_g1_i1	S0005-DNDN2338
TRINITY_DN2341_c0_g1_i1	S0005-DNDN2341
TRINITY_DN2348_c0_g1_i1	S0005-DNDN2348
TRINITY_DN2323_c0_g1_i1	S0005-DNDN2323
TRINITY_DN2301_c0_g1_i1	S0005-DNDN2301
TRINITY_DN2339_c0_g1_i1	S0005-DNDN2339
TRINITY_DN2311_c0_g1_i1	S0005-DNDN2311
TRINITY_DN2321_c0_g1_i1	S0005-DNDN2321
TRINITY_DN2316_c0_g1_i1	S0005-DNDN2316
TRINITY_DN2342_c0_g1_i1	S0005-DNDN2342
TRINITY_DN2340_c0_g1_i1	S0005-DNDN2340
TRINITY_DN2305_c0_g1_i1	S0005-DNDN2305
TRINITY_DN2320_c0_g1_i1	S0005-DNDN2320
TRINITY_DN2337_c0_g1_i1	S0005-DNDN2337
TRINITY_DN2335_c0_g1_i1	S0005-DNDN2335
TRINITY_DN2328_c0_g1_i1	S0005-DNDN2328
TRINITY_DN2326_c0_g1_i1	S0005-DNDN2326
TRINITY_DN2325_c0_g1_i1	S0005-DNDN2325
TRINITY_DN2336_c0_g1_i1	S0005-DNDN2336
TRINITY_DN1406_c0_g1_i1	S0005-DNDN1406
TRINITY_DN1430_c0_g1_i1	S0005-DNDN1430
TRINITY_DN1420_c0_g1_i1	S0005-DNDN1420
TRINITY_DN1403_c0_g1_i1	S0005-DNDN1403
TRINITY_DN1470_c0_g1_i1	S0005-DNDN1470
TRINITY_DN1404_c0_g1_i1	S0005-DNDN1404
TRINITY_DN1438_c0_g1_i1	S0005-DNDN1438
TRINITY_DN1416_c0_g1_i1	S0005-DNDN1416
TRINITY_DN1407_c0_g1_i1	S0005-DNDN1407
TRINITY_DN1481_c0_g1_i1	S0005-DNDN1481
TRINITY_DN1478_c0_g1_i1	S0005-DNDN1478
TRINITY_DN1496_c0_g1_i1	S0005-DNDN1496
TRINITY_DN1417_c0_g1_i1	S0005-DNDN1417
TRINITY_DN1472_c0_g1_i1	S0005-DNDN1472
TRINITY_DN1457_c0_g1_i1	S0005-DNDN1457
TRINITY_DN1465_c0_g1_i1	S0005-DNDN1465
TRINITY_DN1480_c0_g1_i1	S0005-DNDN1480
TRINITY_DN1426_c0_g1_i1	S0005-DNDN1426
TRINITY_DN1413_c0_g1_i1	S0005-DNDN1413
TRINITY_DN1474_c0_g1_i1	S0005-DNDN1474
TRINITY_DN1437_c0_g1_i1	S0005-DNDN1437
TRINITY_DN1493_c0_g1_i1	S0005-DNDN1493
TRINITY_DN1482_c0_g1_i1	S0005-DNDN1482
TRINITY_DN1439_c0_g1_i1	S0005-DNDN1439
TRINITY_DN1495_c0_g1_i1	S0005-DNDN1495
TRINITY_DN1469_c0_g1_i1	S0005-DNDN1469
TRINITY_DN1401_c0_g1_i1	S0005-DNDN1401
TRINITY_DN1463_c0_g1_i1	S0005-DNDN1463
TRINITY_DN1453_c0_g1_i1	S0005-DNDN1453
TRINITY_DN1446_c0_g1_i1	S0005-DNDN1446
TRINITY_DN1456_c0_g1_i1	S0005-DNDN1456
TRINITY_DN1423_c0_g1_i1	S0005-DNDN1423
TRINITY_DN1432_c0_g1_i1	S0005-DNDN1432
TRINITY_DN1488_c0_g1_i1	S0005-DNDN1488
TRINITY_DN1445_c0_g1_i1	S0005-DNDN1445
TRINITY_DN1450_c0_g1_i1	S0005-DNDN1450
TRINITY_DN1447_c0_g1_i1	S0005-DNDN1447
TRINITY_DN1492_c0_g1_i1	S0005-DNDN1492
TRINITY_DN1448_c0_g1_i1	S0005-DNDN1448
TRINITY_DN1497_c0_g1_i1	S0005-DNDN1497
TRINITY_DN1497_c1_g1_i1	S0005-DNDN1497
TRINITY_DN1410_c0_g1_i1	S0005-DNDN1410
TRINITY_DN1440_c0_g1_i1	S0005-DNDN1440
TRINITY_DN1479_c0_g1_i1	S0005-DNDN1479
TRINITY_DN1411_c0_g1_i1	S0005-DNDN1411
TRINITY_DN1489_c0_g1_i1	S0005-DNDN1489
TRINITY_DN1460_c0_g1_i1	S0005-DNDN1460
TRINITY_DN1429_c0_g1_i1	S0005-DNDN1429
TRINITY_DN1452_c0_g1_i1	S0005-DNDN1452
TRINITY_DN1449_c0_g1_i1	S0005-DNDN1449
TRINITY_DN1485_c0_g1_i1	S0005-DNDN1485
TRINITY_DN1468_c0_g1_i1	S0005-DNDN1468
TRINITY_DN1422_c0_g1_i1	S0005-DNDN1422
TRINITY_DN1467_c0_g1_i1	S0005-DNDN1467
TRINITY_DN1476_c0_g1_i1	S0005-DNDN1476
TRINITY_DN1486_c0_g1_i2	S0005-DNDN1486
TRINITY_DN1421_c0_g1_i1	S0005-DNDN1421
TRINITY_DN1424_c0_g1_i1	S0005-DNDN1424
TRINITY_DN1454_c0_g1_i1	S0005-DNDN1454
TRINITY_DN1402_c0_g1_i1	S0005-DNDN1402
TRINITY_DN1435_c0_g1_i1	S0005-DNDN1435
TRINITY_DN1459_c0_g1_i1	S0005-DNDN1459
TRINITY_DN1418_c0_g1_i1	S0005-DNDN1418
TRINITY_DN1477_c0_g1_i1	S0005-DNDN1477
TRINITY_DN1477_c1_g1_i1	S0005-DNDN1477
TRINITY_DN1427_c0_g1_i1	S0005-DNDN1427
TRINITY_DN1462_c0_g1_i1	S0005-DNDN1462
TRINITY_DN1464_c0_g1_i1	S0005-DNDN1464
TRINITY_DN1487_c0_g1_i1	S0005-DNDN1487
TRINITY_DN1471_c0_g1_i1	S0005-DNDN1471
TRINITY_DN1415_c0_g1_i1	S0005-DNDN1415
TRINITY_DN1442_c0_g1_i1	S0005-DNDN1442
TRINITY_DN1458_c0_g1_i1	S0005-DNDN1458
TRINITY_DN1431_c0_g1_i1	S0005-DNDN1431
TRINITY_DN1491_c0_g1_i1	S0005-DNDN1491
TRINITY_DN1483_c0_g1_i1	S0005-DNDN1483
TRINITY_DN1444_c0_g1_i1	S0005-DNDN1444
TRINITY_DN1414_c0_g1_i1	S0005-DNDN1414
TRINITY_DN1419_c0_g1_i1	S0005-DNDN1419
TRINITY_DN1409_c0_g1_i1	S0005-DNDN1409
TRINITY_DN1412_c0_g1_i1	S0005-DNDN1412
TRINITY_DN1425_c0_g1_i1	S0005-DNDN1425
TRINITY_DN1428_c0_g1_i1	S0005-DNDN1428
TRINITY_DN1498_c0_g1_i1	S0005-DNDN1498
TRINITY_DN1499_c0_g1_i1	S0005-DNDN1499
TRINITY_DN1494_c0_g1_i1	S0005-DNDN1494
TRINITY_DN1408_c0_g1_i1	S0005-DNDN1408
TRINITY_DN1455_c0_g1_i1	S0005-DNDN1455
TRINITY_DN1436_c0_g1_i1	S0005-DNDN1436
TRINITY_DN1718_c0_g1_i1	S0005-DNDN1718
TRINITY_DN1752_c0_g1_i1	S0005-DNDN1752
TRINITY_DN1785_c0_g1_i1	S0005-DNDN1785
TRINITY_DN1792_c0_g1_i1	S0005-DNDN1792
TRINITY_DN1746_c0_g1_i1	S0005-DNDN1746
TRINITY_DN1700_c0_g1_i1	S0005-DNDN1700
TRINITY_DN1700_c1_g1_i1	S0005-DNDN1700
TRINITY_DN1784_c0_g1_i1	S0005-DNDN1784
TRINITY_DN1765_c0_g1_i1	S0005-DNDN1765
TRINITY_DN1780_c0_g1_i1	S0005-DNDN1780
TRINITY_DN1707_c0_g1_i1	S0005-DNDN1707
TRINITY_DN1786_c0_g1_i1	S0005-DNDN1786
TRINITY_DN1719_c0_g1_i1	S0005-DNDN1719
TRINITY_DN1747_c0_g1_i1	S0005-DNDN1747
TRINITY_DN1716_c0_g1_i1	S0005-DNDN1716
TRINITY_DN1701_c0_g1_i1	S0005-DNDN1701
TRINITY_DN1760_c0_g1_i1	S0005-DNDN1760
TRINITY_DN1728_c0_g1_i1	S0005-DNDN1728
TRINITY_DN1798_c0_g1_i1	S0005-DNDN1798
TRINITY_DN1740_c0_g1_i1	S0005-DNDN1740
TRINITY_DN1787_c0_g1_i1	S0005-DNDN1787
TRINITY_DN1763_c0_g1_i1	S0005-DNDN1763
TRINITY_DN1777_c0_g1_i1	S0005-DNDN1777
TRINITY_DN1725_c0_g1_i1	S0005-DNDN1725
TRINITY_DN1745_c0_g1_i1	S0005-DNDN1745
TRINITY_DN1726_c0_g1_i1	S0005-DNDN1726
TRINITY_DN1782_c0_g1_i1	S0005-DNDN1782
TRINITY_DN1736_c0_g1_i1	S0005-DNDN1736
TRINITY_DN1727_c0_g1_i1	S0005-DNDN1727
TRINITY_DN1750_c0_g1_i1	S0005-DNDN1750
TRINITY_DN1771_c0_g1_i1	S0005-DNDN1771
TRINITY_DN1761_c0_g1_i1	S0005-DNDN1761
TRINITY_DN1767_c0_g1_i1	S0005-DNDN1767
TRINITY_DN1735_c0_g1_i1	S0005-DNDN1735
TRINITY_DN1796_c0_g1_i1	S0005-DNDN1796
TRINITY_DN1794_c0_g1_i1	S0005-DNDN1794
TRINITY_DN1789_c0_g1_i1	S0005-DNDN1789
TRINITY_DN1775_c0_g1_i1	S0005-DNDN1775
TRINITY_DN1720_c0_g1_i1	S0005-DNDN1720
TRINITY_DN1778_c0_g1_i1	S0005-DNDN1778
TRINITY_DN1755_c0_g1_i1	S0005-DNDN1755
TRINITY_DN1737_c0_g1_i1	S0005-DNDN1737
TRINITY_DN1744_c0_g1_i1	S0005-DNDN1744
TRINITY_DN1793_c0_g1_i1	S0005-DNDN1793
TRINITY_DN1711_c0_g1_i1	S0005-DNDN1711
TRINITY_DN1729_c0_g1_i1	S0005-DNDN1729
TRINITY_DN1770_c0_g1_i1	S0005-DNDN1770
TRINITY_DN1773_c0_g1_i1	S0005-DNDN1773
TRINITY_DN1749_c0_g1_i1	S0005-DNDN1749
TRINITY_DN1739_c0_g1_i1	S0005-DNDN1739
TRINITY_DN1734_c0_g1_i1	S0005-DNDN1734
TRINITY_DN1713_c0_g1_i1	S0005-DNDN1713
TRINITY_DN1710_c0_g1_i1	S0005-DNDN1710
TRINITY_DN1774_c0_g1_i1	S0005-DNDN1774
TRINITY_DN1731_c0_g1_i1	S0005-DNDN1731
TRINITY_DN1753_c0_g1_i1	S0005-DNDN1753
TRINITY_DN1717_c0_g1_i1	S0005-DNDN1717
TRINITY_DN1795_c0_g1_i1	S0005-DNDN1795
TRINITY_DN1743_c0_g1_i1	S0005-DNDN1743
TRINITY_DN1764_c0_g1_i1	S0005-DNDN1764
TRINITY_DN1756_c0_g1_i1	S0005-DNDN1756
TRINITY_DN1742_c0_g1_i1	S0005-DNDN1742
TRINITY_DN1733_c0_g1_i1	S0005-DNDN1733
TRINITY_DN1715_c0_g1_i1	S0005-DNDN1715
TRINITY_DN1790_c0_g1_i1	S0005-DNDN1790
TRINITY_DN1758_c0_g1_i1	S0005-DNDN1758
TRINITY_DN1714_c0_g1_i1	S0005-DNDN1714
TRINITY_DN1799_c0_g1_i1	S0005-DNDN1799
TRINITY_DN1751_c0_g1_i1	S0005-DNDN1751
TRINITY_DN1766_c0_g1_i1	S0005-DNDN1766
TRINITY_DN1797_c0_g1_i1	S0005-DNDN1797
TRINITY_DN1708_c0_g1_i1	S0005-DNDN1708
TRINITY_DN1702_c0_g1_i1	S0005-DNDN1702
TRINITY_DN1754_c0_g1_i1	S0005-DNDN1754
TRINITY_DN1741_c0_g1_i1	S0005-DNDN1741
TRINITY_DN1709_c0_g1_i1	S0005-DNDN1709
TRINITY_DN1762_c0_g1_i1	S0005-DNDN1762
TRINITY_DN1776_c0_g1_i1	S0005-DNDN1776
TRINITY_DN1772_c0_g1_i1	S0005-DNDN1772
TRINITY_DN1724_c0_g1_i1	S0005-DNDN1724
TRINITY_DN1706_c0_g1_i1	S0005-DNDN1706
TRINITY_DN1722_c0_g1_i1	S0005-DNDN1722
TRINITY_DN1783_c0_g1_i1	S0005-DNDN1783
TRINITY_DN1781_c0_g1_i1	S0005-DNDN1781
TRINITY_DN1768_c0_g1_i1	S0005-DNDN1768
TRINITY_DN1738_c0_g1_i1	S0005-DNDN1738
TRINITY_DN1704_c0_g1_i1	S0005-DNDN1704
TRINITY_DN1705_c0_g1_i1	S0005-DNDN1705
TRINITY_DN1748_c0_g1_i1	S0005-DNDN1748
TRINITY_DN1730_c0_g1_i1	S0005-DNDN1730
TRINITY_DN170_c0_g1_i1	S0005-DNDN170
TRINITY_DN178_c0_g1_i1	S0005-DNDN178
TRINITY_DN112_c0_g1_i1	S0005-DNDN112
TRINITY_DN113_c0_g1_i1	S0005-DNDN113
TRINITY_DN130_c0_g1_i1	S0005-DNDN130
TRINITY_DN172_c0_g1_i1	S0005-DNDN172
TRINITY_DN131_c0_g1_i1	S0005-DNDN131
TRINITY_DN180_c0_g1_i1	S0005-DNDN180
TRINITY_DN126_c1_g1_i1	S0005-DNDN126
TRINITY_DN103_c0_g1_i1	S0005-DNDN103
TRINITY_DN165_c0_g1_i1	S0005-DNDN165
TRINITY_DN108_c0_g1_i2	S0005-DNDN108
TRINITY_DN108_c0_g1_i1	S0005-DNDN108
TRINITY_DN145_c0_g1_i1	S0005-DNDN145
TRINITY_DN145_c0_g1_i2	S0005-DNDN145
TRINITY_DN158_c0_g1_i1	S0005-DNDN158
TRINITY_DN115_c0_g1_i1	S0005-DNDN115
TRINITY_DN194_c0_g1_i1	S0005-DNDN194
TRINITY_DN160_c0_g1_i1	S0005-DNDN160
TRINITY_DN148_c0_g1_i1	S0005-DNDN148
TRINITY_DN174_c0_g1_i1	S0005-DNDN174
TRINITY_DN134_c0_g1_i1	S0005-DNDN134
TRINITY_DN157_c0_g1_i2	S0005-DNDN157
TRINITY_DN157_c0_g1_i1	S0005-DNDN157
TRINITY_DN188_c0_g1_i1	S0005-DNDN188
TRINITY_DN175_c0_g1_i1	S0005-DNDN175
TRINITY_DN132_c0_g1_i1	S0005-DNDN132
TRINITY_DN143_c0_g1_i1	S0005-DNDN143
TRINITY_DN140_c0_g1_i1	S0005-DNDN140
TRINITY_DN161_c0_g1_i1	S0005-DNDN161
TRINITY_DN164_c0_g1_i1	S0005-DNDN164
TRINITY_DN183_c0_g1_i1	S0005-DNDN183
TRINITY_DN179_c0_g1_i1	S0005-DNDN179
TRINITY_DN127_c0_g1_i1	S0005-DNDN127
TRINITY_DN127_c0_g1_i2	S0005-DNDN127
TRINITY_DN190_c0_g1_i1	S0005-DNDN190
TRINITY_DN190_c1_g1_i1	S0005-DNDN190
TRINITY_DN136_c0_g1_i1	S0005-DNDN136
TRINITY_DN187_c0_g1_i1	S0005-DNDN187
TRINITY_DN110_c0_g1_i1	S0005-DNDN110
TRINITY_DN163_c1_g1_i1	S0005-DNDN163
TRINITY_DN138_c0_g1_i1	S0005-DNDN138
TRINITY_DN107_c0_g1_i1	S0005-DNDN107
TRINITY_DN169_c0_g1_i1	S0005-DNDN169
TRINITY_DN177_c0_g1_i1	S0005-DNDN177
TRINITY_DN118_c0_g1_i1	S0005-DNDN118
TRINITY_DN185_c0_g1_i1	S0005-DNDN185
TRINITY_DN106_c0_g1_i1	S0005-DNDN106
TRINITY_DN167_c0_g1_i1	S0005-DNDN167
TRINITY_DN167_c1_g1_i1	S0005-DNDN167
TRINITY_DN153_c0_g1_i1	S0005-DNDN153
TRINITY_DN146_c0_g1_i1	S0005-DNDN146
TRINITY_DN122_c0_g1_i1	S0005-DNDN122
TRINITY_DN196_c0_g1_i1	S0005-DNDN196
TRINITY_DN166_c0_g1_i1	S0005-DNDN166
TRINITY_DN159_c0_g1_i1	S0005-DNDN159
TRINITY_DN195_c0_g1_i1	S0005-DNDN195
TRINITY_DN195_c0_g1_i2	S0005-DNDN195
TRINITY_DN119_c0_g1_i1	S0005-DNDN119
TRINITY_DN109_c0_g1_i2	S0005-DNDN109
TRINITY_DN109_c0_g1_i1	S0005-DNDN109
TRINITY_DN101_c0_g1_i1	S0005-DNDN101
TRINITY_DN149_c0_g1_i1	S0005-DNDN149
TRINITY_DN155_c0_g1_i1	S0005-DNDN155
TRINITY_DN121_c0_g1_i1	S0005-DNDN121
TRINITY_DN125_c0_g1_i1	S0005-DNDN125
TRINITY_DN156_c0_g1_i1	S0005-DNDN156
TRINITY_DN181_c0_g1_i1	S0005-DNDN181
TRINITY_DN176_c0_g1_i1	S0005-DNDN176
TRINITY_DN154_c0_g1_i1	S0005-DNDN154
TRINITY_DN552_c0_g1_i1	S0005-DNDN552
TRINITY_DN552_c1_g1_i2	S0005-DNDN552
TRINITY_DN552_c1_g1_i1	S0005-DNDN552
TRINITY_DN573_c0_g1_i1	S0005-DNDN573
TRINITY_DN516_c0_g1_i1	S0005-DNDN516
TRINITY_DN502_c0_g1_i1	S0005-DNDN502
TRINITY_DN565_c0_g1_i1	S0005-DNDN565
TRINITY_DN581_c0_g1_i1	S0005-DNDN581
TRINITY_DN545_c0_g1_i1	S0005-DNDN545
TRINITY_DN545_c1_g1_i1	S0005-DNDN545
TRINITY_DN545_c2_g1_i4	S0005-DNDN545
TRINITY_DN545_c2_g1_i1	S0005-DNDN545
TRINITY_DN545_c2_g1_i3	S0005-DNDN545
TRINITY_DN545_c2_g1_i2	S0005-DNDN545
TRINITY_DN545_c3_g1_i1	S0005-DNDN545
TRINITY_DN578_c0_g1_i1	S0005-DNDN578
TRINITY_DN510_c0_g1_i1	S0005-DNDN510
TRINITY_DN570_c0_g1_i1	S0005-DNDN570
TRINITY_DN541_c1_g1_i1	S0005-DNDN541
TRINITY_DN501_c0_g1_i1	S0005-DNDN501
TRINITY_DN598_c0_g1_i1	S0005-DNDN598
TRINITY_DN563_c0_g1_i1	S0005-DNDN563
TRINITY_DN563_c1_g1_i1	S0005-DNDN563
TRINITY_DN563_c2_g1_i3	S0005-DNDN563
TRINITY_DN563_c2_g1_i2	S0005-DNDN563
TRINITY_DN563_c2_g1_i1	S0005-DNDN563
TRINITY_DN563_c3_g1_i2	S0005-DNDN563
TRINITY_DN563_c3_g1_i1	S0005-DNDN563
TRINITY_DN528_c0_g1_i1	S0005-DNDN528
TRINITY_DN571_c0_g1_i1	S0005-DNDN571
TRINITY_DN577_c0_g1_i1	S0005-DNDN577
TRINITY_DN540_c0_g1_i1	S0005-DNDN540
TRINITY_DN590_c0_g1_i1	S0005-DNDN590
TRINITY_DN562_c1_g1_i3	S0005-DNDN562
TRINITY_DN562_c1_g1_i1	S0005-DNDN562
TRINITY_DN562_c1_g1_i2	S0005-DNDN562
TRINITY_DN562_c2_g1_i3	S0005-DNDN562
TRINITY_DN562_c2_g1_i2	S0005-DNDN562
TRINITY_DN562_c2_g1_i1	S0005-DNDN562
TRINITY_DN506_c0_g1_i1	S0005-DNDN506
TRINITY_DN506_c0_g1_i2	S0005-DNDN506
TRINITY_DN531_c0_g1_i1	S0005-DNDN531
TRINITY_DN531_c0_g1_i2	S0005-DNDN531
TRINITY_DN500_c0_g1_i1	S0005-DNDN500
TRINITY_DN515_c0_g1_i1	S0005-DNDN515
TRINITY_DN511_c0_g1_i2	S0005-DNDN511
TRINITY_DN511_c0_g1_i1	S0005-DNDN511
TRINITY_DN507_c0_g1_i1	S0005-DNDN507
TRINITY_DN519_c0_g1_i1	S0005-DNDN519
TRINITY_DN519_c0_g1_i2	S0005-DNDN519
TRINITY_DN519_c1_g1_i1	S0005-DNDN519
TRINITY_DN519_c2_g1_i1	S0005-DNDN519
TRINITY_DN537_c0_g1_i1	S0005-DNDN537
TRINITY_DN539_c0_g1_i1	S0005-DNDN539
TRINITY_DN539_c1_g1_i1	S0005-DNDN539
TRINITY_DN539_c2_g1_i1	S0005-DNDN539
TRINITY_DN513_c0_g1_i1	S0005-DNDN513
TRINITY_DN548_c0_g1_i1	S0005-DNDN548
TRINITY_DN505_c0_g1_i1	S0005-DNDN505
TRINITY_DN505_c0_g1_i2	S0005-DNDN505
TRINITY_DN587_c0_g1_i1	S0005-DNDN587
TRINITY_DN599_c0_g1_i1	S0005-DNDN599
TRINITY_DN543_c0_g1_i1	S0005-DNDN543
TRINITY_DN532_c0_g1_i1	S0005-DNDN532
TRINITY_DN532_c1_g1_i1	S0005-DNDN532
TRINITY_DN532_c2_g1_i1	S0005-DNDN532
TRINITY_DN554_c0_g1_i1	S0005-DNDN554
TRINITY_DN554_c1_g1_i1	S0005-DNDN554
TRINITY_DN554_c1_g1_i2	S0005-DNDN554
TRINITY_DN538_c0_g1_i2	S0005-DNDN538
TRINITY_DN538_c0_g1_i4	S0005-DNDN538
TRINITY_DN538_c0_g1_i3	S0005-DNDN538
TRINITY_DN529_c0_g1_i1	S0005-DNDN529
TRINITY_DN503_c0_g1_i1	S0005-DNDN503
TRINITY_DN546_c0_g1_i1	S0005-DNDN546
TRINITY_DN546_c0_g1_i2	S0005-DNDN546
TRINITY_DN567_c0_g1_i1	S0005-DNDN567
TRINITY_DN568_c0_g1_i1	S0005-DNDN568
TRINITY_DN549_c1_g1_i1	S0005-DNDN549
TRINITY_DN549_c2_g1_i2	S0005-DNDN549
TRINITY_DN549_c2_g1_i1	S0005-DNDN549
TRINITY_DN558_c0_g1_i3	S0005-DNDN558
TRINITY_DN558_c0_g1_i1	S0005-DNDN558
TRINITY_DN558_c0_g1_i2	S0005-DNDN558
TRINITY_DN594_c0_g1_i1	S0005-DNDN594
TRINITY_DN589_c0_g1_i1	S0005-DNDN589
TRINITY_DN550_c1_g1_i1	S0005-DNDN550
TRINITY_DN550_c2_g1_i1	S0005-DNDN550
TRINITY_DN550_c2_g1_i4	S0005-DNDN550
TRINITY_DN550_c2_g1_i2	S0005-DNDN550
TRINITY_DN550_c2_g1_i3	S0005-DNDN550
TRINITY_DN524_c0_g1_i1	S0005-DNDN524
TRINITY_DN524_c1_g1_i2	S0005-DNDN524
TRINITY_DN524_c1_g1_i3	S0005-DNDN524
TRINITY_DN524_c1_g1_i1	S0005-DNDN524
TRINITY_DN596_c0_g1_i1	S0005-DNDN596
TRINITY_DN561_c0_g1_i1	S0005-DNDN561
TRINITY_DN561_c0_g1_i2	S0005-DNDN561
TRINITY_DN576_c0_g1_i1	S0005-DNDN576
TRINITY_DN576_c1_g1_i1	S0005-DNDN576
TRINITY_DN557_c0_g1_i3	S0005-DNDN557
TRINITY_DN557_c0_g1_i1	S0005-DNDN557
TRINITY_DN557_c0_g1_i2	S0005-DNDN557
TRINITY_DN593_c0_g1_i1	S0005-DNDN593
TRINITY_DN504_c0_g1_i1	S0005-DNDN504
TRINITY_DN591_c0_g1_i1	S0005-DNDN591
TRINITY_DN556_c0_g1_i14	S0005-DNDN556
TRINITY_DN556_c0_g1_i5	S0005-DNDN556
TRINITY_DN556_c0_g1_i9	S0005-DNDN556
TRINITY_DN556_c0_g1_i15	S0005-DNDN556
TRINITY_DN556_c0_g1_i3	S0005-DNDN556
TRINITY_DN556_c0_g1_i4	S0005-DNDN556
TRINITY_DN556_c0_g1_i12	S0005-DNDN556
TRINITY_DN556_c0_g1_i2	S0005-DNDN556
TRINITY_DN556_c0_g1_i11	S0005-DNDN556
TRINITY_DN556_c0_g1_i7	S0005-DNDN556
TRINITY_DN556_c0_g1_i6	S0005-DNDN556
TRINITY_DN583_c0_g1_i1	S0005-DNDN583
TRINITY_DN530_c0_g1_i4	S0005-DNDN530
TRINITY_DN530_c0_g1_i3	S0005-DNDN530
TRINITY_DN542_c0_g1_i2	S0005-DNDN542
TRINITY_DN542_c0_g1_i1	S0005-DNDN542
TRINITY_DN522_c0_g1_i1	S0005-DNDN522
TRINITY_DN585_c0_g1_i1	S0005-DNDN585
TRINITY_DN553_c0_g1_i2	S0005-DNDN553
TRINITY_DN553_c0_g1_i1	S0005-DNDN553
TRINITY_DN553_c1_g1_i2	S0005-DNDN553
TRINITY_DN553_c1_g1_i1	S0005-DNDN553
TRINITY_DN553_c2_g1_i1	S0005-DNDN553
TRINITY_DN517_c0_g1_i1	S0005-DNDN517
TRINITY_DN520_c0_g1_i1	S0005-DNDN520
TRINITY_DN526_c0_g1_i1	S0005-DNDN526
TRINITY_DN551_c0_g1_i1	S0005-DNDN551
TRINITY_DN551_c1_g1_i1	S0005-DNDN551
TRINITY_DN551_c2_g1_i1	S0005-DNDN551
TRINITY_DN535_c0_g1_i1	S0005-DNDN535
TRINITY_DN533_c0_g1_i2	S0005-DNDN533
TRINITY_DN533_c0_g1_i1	S0005-DNDN533
TRINITY_DN559_c0_g1_i1	S0005-DNDN559
TRINITY_DN559_c0_g1_i2	S0005-DNDN559
TRINITY_DN559_c0_g1_i3	S0005-DNDN559
TRINITY_DN559_c0_g2_i2	S0005-DNDN559
TRINITY_DN559_c0_g2_i3	S0005-DNDN559
TRINITY_DN559_c0_g2_i1	S0005-DNDN559
TRINITY_DN586_c0_g1_i1	S0005-DNDN586
TRINITY_DN555_c0_g1_i1	S0005-DNDN555
TRINITY_DN555_c0_g1_i2	S0005-DNDN555
TRINITY_DN555_c0_g1_i3	S0005-DNDN555
TRINITY_DN560_c0_g1_i1	S0005-DNDN560
TRINITY_DN560_c1_g1_i1	S0005-DNDN560
TRINITY_DN560_c2_g1_i2	S0005-DNDN560
TRINITY_DN560_c2_g1_i3	S0005-DNDN560
TRINITY_DN560_c2_g1_i1	S0005-DNDN560
TRINITY_DN560_c2_g2_i5	S0005-DNDN560
TRINITY_DN560_c2_g2_i9	S0005-DNDN560
TRINITY_DN560_c2_g2_i2	S0005-DNDN560
TRINITY_DN560_c2_g2_i4	S0005-DNDN560
TRINITY_DN560_c2_g2_i8	S0005-DNDN560
TRINITY_DN560_c2_g2_i3	S0005-DNDN560
TRINITY_DN560_c2_g2_i6	S0005-DNDN560
TRINITY_DN560_c2_g2_i7	S0005-DNDN560
TRINITY_DN560_c2_g2_i1	S0005-DNDN560
TRINITY_DN544_c0_g1_i1	S0005-DNDN544
TRINITY_DN544_c1_g1_i1	S0005-DNDN544
TRINITY_DN544_c1_g1_i2	S0005-DNDN544
TRINITY_DN525_c0_g1_i1	S0005-DNDN525
TRINITY_DN525_c0_g1_i2	S0005-DNDN525
TRINITY_DN523_c0_g1_i1	S0005-DNDN523
TRINITY_DN523_c0_g1_i2	S0005-DNDN523
TRINITY_DN572_c0_g1_i1	S0005-DNDN572
TRINITY_DN518_c0_g1_i1	S0005-DNDN518
TRINITY_DN597_c0_g1_i1	S0005-DNDN597
TRINITY_DN534_c0_g1_i1	S0005-DNDN534
TRINITY_DN534_c1_g1_i1	S0005-DNDN534
TRINITY_DN574_c0_g1_i1	S0005-DNDN574
TRINITY_DN575_c0_g1_i1	S0005-DNDN575
TRINITY_DN569_c0_g1_i1	S0005-DNDN569
TRINITY_DN527_c0_g1_i1	S0005-DNDN527
TRINITY_DN521_c0_g1_i1	S0005-DNDN521
TRINITY_DN536_c0_g1_i1	S0005-DNDN536
TRINITY_DN536_c0_g1_i2	S0005-DNDN536
TRINITY_DN536_c0_g2_i2	S0005-DNDN536
TRINITY_DN536_c0_g2_i1	S0005-DNDN536
TRINITY_DN547_c0_g1_i3	S0005-DNDN547
TRINITY_DN547_c0_g1_i1	S0005-DNDN547
TRINITY_DN547_c0_g1_i2	S0005-DNDN547
TRINITY_DN566_c0_g1_i1	S0005-DNDN566
TRINITY_DN2120_c0_g1_i1	S0005-DNDN2120
TRINITY_DN2104_c0_g1_i1	S0005-DNDN2104
TRINITY_DN2104_c0_g1_i2	S0005-DNDN2104
TRINITY_DN2115_c0_g1_i1	S0005-DNDN2115
TRINITY_DN2190_c0_g1_i1	S0005-DNDN2190
TRINITY_DN2147_c0_g1_i1	S0005-DNDN2147
TRINITY_DN2157_c0_g1_i1	S0005-DNDN2157
TRINITY_DN2129_c0_g1_i1	S0005-DNDN2129
TRINITY_DN2189_c0_g1_i1	S0005-DNDN2189
TRINITY_DN2106_c0_g1_i1	S0005-DNDN2106
TRINITY_DN2140_c0_g1_i1	S0005-DNDN2140
TRINITY_DN2164_c0_g1_i1	S0005-DNDN2164
TRINITY_DN2155_c0_g1_i1	S0005-DNDN2155
TRINITY_DN2185_c0_g1_i1	S0005-DNDN2185
TRINITY_DN2181_c0_g1_i1	S0005-DNDN2181
TRINITY_DN2193_c0_g1_i1	S0005-DNDN2193
TRINITY_DN2107_c0_g1_i1	S0005-DNDN2107
TRINITY_DN2152_c0_g1_i1	S0005-DNDN2152
TRINITY_DN2125_c0_g1_i1	S0005-DNDN2125
TRINITY_DN2161_c0_g1_i1	S0005-DNDN2161
TRINITY_DN2124_c0_g1_i1	S0005-DNDN2124
TRINITY_DN2167_c0_g1_i1	S0005-DNDN2167
TRINITY_DN2128_c0_g1_i1	S0005-DNDN2128
TRINITY_DN2175_c0_g1_i1	S0005-DNDN2175
TRINITY_DN2149_c0_g1_i1	S0005-DNDN2149
TRINITY_DN2123_c0_g1_i1	S0005-DNDN2123
TRINITY_DN2148_c0_g1_i1	S0005-DNDN2148
TRINITY_DN2134_c0_g1_i1	S0005-DNDN2134
TRINITY_DN2178_c0_g1_i1	S0005-DNDN2178
TRINITY_DN2141_c0_g1_i1	S0005-DNDN2141
TRINITY_DN2121_c0_g1_i1	S0005-DNDN2121
TRINITY_DN2100_c0_g1_i1	S0005-DNDN2100
TRINITY_DN2188_c0_g1_i1	S0005-DNDN2188
TRINITY_DN2192_c0_g1_i1	S0005-DNDN2192
TRINITY_DN2110_c0_g1_i1	S0005-DNDN2110
TRINITY_DN2179_c0_g1_i1	S0005-DNDN2179
TRINITY_DN2184_c0_g1_i1	S0005-DNDN2184
TRINITY_DN2142_c0_g1_i1	S0005-DNDN2142
TRINITY_DN2145_c0_g1_i1	S0005-DNDN2145
TRINITY_DN2138_c0_g1_i1	S0005-DNDN2138
TRINITY_DN2127_c0_g1_i1	S0005-DNDN2127
TRINITY_DN2195_c0_g1_i1	S0005-DNDN2195
TRINITY_DN2112_c0_g1_i1	S0005-DNDN2112
TRINITY_DN2118_c0_g1_i1	S0005-DNDN2118
TRINITY_DN2136_c0_g1_i1	S0005-DNDN2136
TRINITY_DN2199_c0_g1_i1	S0005-DNDN2199
TRINITY_DN2103_c0_g1_i1	S0005-DNDN2103
TRINITY_DN2108_c0_g1_i1	S0005-DNDN2108
TRINITY_DN2174_c0_g1_i1	S0005-DNDN2174
TRINITY_DN2160_c0_g1_i1	S0005-DNDN2160
TRINITY_DN2146_c0_g1_i1	S0005-DNDN2146
TRINITY_DN2187_c0_g1_i1	S0005-DNDN2187
TRINITY_DN2119_c0_g1_i1	S0005-DNDN2119
TRINITY_DN2144_c0_g1_i1	S0005-DNDN2144
TRINITY_DN2165_c0_g1_i1	S0005-DNDN2165
TRINITY_DN2101_c0_g1_i1	S0005-DNDN2101
TRINITY_DN2143_c0_g1_i1	S0005-DNDN2143
TRINITY_DN2153_c0_g1_i1	S0005-DNDN2153
TRINITY_DN2196_c0_g1_i1	S0005-DNDN2196
TRINITY_DN2169_c0_g1_i1	S0005-DNDN2169
TRINITY_DN2132_c0_g1_i1	S0005-DNDN2132
TRINITY_DN2154_c0_g1_i1	S0005-DNDN2154
TRINITY_DN2194_c0_g1_i1	S0005-DNDN2194
TRINITY_DN2171_c0_g1_i1	S0005-DNDN2171
TRINITY_DN2111_c0_g1_i1	S0005-DNDN2111
TRINITY_DN2183_c0_g1_i1	S0005-DNDN2183
TRINITY_DN2150_c0_g1_i1	S0005-DNDN2150
TRINITY_DN2158_c0_g1_i1	S0005-DNDN2158
TRINITY_DN2151_c0_g1_i1	S0005-DNDN2151
TRINITY_DN2166_c0_g1_i1	S0005-DNDN2166
TRINITY_DN2133_c0_g1_i1	S0005-DNDN2133
TRINITY_DN2130_c0_g1_i1	S0005-DNDN2130
TRINITY_DN2105_c0_g1_i1	S0005-DNDN2105
TRINITY_DN2186_c0_g1_i1	S0005-DNDN2186
TRINITY_DN2113_c0_g1_i1	S0005-DNDN2113
TRINITY_DN2139_c0_g1_i1	S0005-DNDN2139
TRINITY_DN2156_c0_g1_i1	S0005-DNDN2156
TRINITY_DN2102_c0_g1_i1	S0005-DNDN2102
TRINITY_DN2163_c0_g1_i1	S0005-DNDN2163
TRINITY_DN2162_c0_g1_i1	S0005-DNDN2162
TRINITY_DN2117_c0_g1_i1	S0005-DNDN2117
TRINITY_DN2191_c0_g1_i1	S0005-DNDN2191
TRINITY_DN2177_c0_g1_i1	S0005-DNDN2177
TRINITY_DN2180_c0_g1_i1	S0005-DNDN2180
TRINITY_DN2122_c0_g1_i1	S0005-DNDN2122
TRINITY_DN2159_c0_g1_i1	S0005-DNDN2159
TRINITY_DN2182_c0_g1_i1	S0005-DNDN2182
TRINITY_DN2176_c0_g1_i1	S0005-DNDN2176
TRINITY_DN2135_c0_g1_i1	S0005-DNDN2135
TRINITY_DN2114_c0_g1_i1	S0005-DNDN2114
TRINITY_DN2170_c0_g1_i1	S0005-DNDN2170
TRINITY_DN2131_c0_g1_i1	S0005-DNDN2131
TRINITY_DN1263_c0_g1_i1	S0005-DNDN1263
TRINITY_DN1240_c0_g1_i1	S0005-DNDN1240
TRINITY_DN1259_c0_g1_i1	S0005-DNDN1259
TRINITY_DN1268_c0_g1_i1	S0005-DNDN1268
TRINITY_DN1223_c0_g1_i1	S0005-DNDN1223
TRINITY_DN1251_c0_g1_i1	S0005-DNDN1251
TRINITY_DN1256_c0_g1_i1	S0005-DNDN1256
TRINITY_DN1264_c0_g1_i1	S0005-DNDN1264
TRINITY_DN1244_c0_g1_i1	S0005-DNDN1244
TRINITY_DN1286_c0_g1_i1	S0005-DNDN1286
TRINITY_DN1299_c0_g1_i1	S0005-DNDN1299
TRINITY_DN1236_c0_g1_i1	S0005-DNDN1236
TRINITY_DN1214_c0_g1_i1	S0005-DNDN1214
TRINITY_DN1254_c0_g1_i1	S0005-DNDN1254
TRINITY_DN1258_c0_g1_i1	S0005-DNDN1258
TRINITY_DN1217_c0_g1_i1	S0005-DNDN1217
TRINITY_DN1226_c0_g1_i1	S0005-DNDN1226
TRINITY_DN1238_c0_g1_i1	S0005-DNDN1238
TRINITY_DN1215_c0_g1_i1	S0005-DNDN1215
TRINITY_DN1228_c0_g1_i1	S0005-DNDN1228
TRINITY_DN1209_c0_g1_i1	S0005-DNDN1209
TRINITY_DN1280_c0_g1_i1	S0005-DNDN1280
TRINITY_DN1285_c0_g1_i1	S0005-DNDN1285
TRINITY_DN1233_c0_g1_i1	S0005-DNDN1233
TRINITY_DN1250_c0_g1_i1	S0005-DNDN1250
TRINITY_DN1239_c0_g1_i1	S0005-DNDN1239
TRINITY_DN1297_c0_g1_i1	S0005-DNDN1297
TRINITY_DN1241_c0_g1_i1	S0005-DNDN1241
TRINITY_DN1253_c0_g1_i1	S0005-DNDN1253
TRINITY_DN1276_c0_g1_i1	S0005-DNDN1276
TRINITY_DN1207_c0_g1_i1	S0005-DNDN1207
TRINITY_DN1245_c0_g1_i1	S0005-DNDN1245
TRINITY_DN1237_c0_g1_i1	S0005-DNDN1237
TRINITY_DN1292_c0_g1_i1	S0005-DNDN1292
TRINITY_DN1202_c0_g1_i1	S0005-DNDN1202
TRINITY_DN1229_c0_g1_i1	S0005-DNDN1229
TRINITY_DN1295_c0_g1_i1	S0005-DNDN1295
TRINITY_DN1212_c0_g1_i1	S0005-DNDN1212
TRINITY_DN1231_c0_g1_i1	S0005-DNDN1231
TRINITY_DN1265_c0_g1_i1	S0005-DNDN1265
TRINITY_DN1283_c0_g1_i1	S0005-DNDN1283
TRINITY_DN1273_c0_g1_i1	S0005-DNDN1273
TRINITY_DN1278_c0_g1_i1	S0005-DNDN1278
TRINITY_DN1221_c0_g1_i1	S0005-DNDN1221
TRINITY_DN1219_c0_g1_i1	S0005-DNDN1219
TRINITY_DN1270_c0_g1_i1	S0005-DNDN1270
TRINITY_DN1272_c0_g1_i1	S0005-DNDN1272
TRINITY_DN1243_c0_g1_i1	S0005-DNDN1243
TRINITY_DN1200_c0_g1_i1	S0005-DNDN1200
TRINITY_DN1284_c0_g1_i1	S0005-DNDN1284
TRINITY_DN1287_c0_g1_i1	S0005-DNDN1287
TRINITY_DN1247_c0_g1_i1	S0005-DNDN1247
TRINITY_DN1235_c0_g1_i1	S0005-DNDN1235
TRINITY_DN1267_c0_g1_i1	S0005-DNDN1267
TRINITY_DN1298_c0_g1_i1	S0005-DNDN1298
TRINITY_DN1269_c0_g1_i1	S0005-DNDN1269
TRINITY_DN1289_c0_g1_i1	S0005-DNDN1289
TRINITY_DN1211_c0_g1_i1	S0005-DNDN1211
TRINITY_DN1234_c0_g1_i1	S0005-DNDN1234
TRINITY_DN1227_c0_g1_i1	S0005-DNDN1227
TRINITY_DN1260_c0_g1_i1	S0005-DNDN1260
TRINITY_DN1232_c0_g1_i1	S0005-DNDN1232
TRINITY_DN1203_c0_g1_i1	S0005-DNDN1203
TRINITY_DN1249_c0_g1_i1	S0005-DNDN1249
TRINITY_DN1288_c0_g1_i1	S0005-DNDN1288
TRINITY_DN1296_c0_g1_i1	S0005-DNDN1296
TRINITY_DN1294_c0_g1_i1	S0005-DNDN1294
TRINITY_DN1271_c0_g1_i1	S0005-DNDN1271
TRINITY_DN1279_c0_g1_i1	S0005-DNDN1279
TRINITY_DN1205_c0_g1_i1	S0005-DNDN1205
TRINITY_DN1224_c0_g1_i1	S0005-DNDN1224
TRINITY_DN1291_c0_g1_i1	S0005-DNDN1291
TRINITY_DN1216_c0_g1_i1	S0005-DNDN1216
TRINITY_DN1266_c0_g1_i1	S0005-DNDN1266
TRINITY_DN1222_c0_g1_i1	S0005-DNDN1222
TRINITY_DN1282_c0_g1_i1	S0005-DNDN1282
TRINITY_DN1262_c0_g1_i1	S0005-DNDN1262
TRINITY_DN1242_c0_g1_i1	S0005-DNDN1242
TRINITY_DN1225_c0_g1_i1	S0005-DNDN1225
TRINITY_DN1255_c0_g1_i1	S0005-DNDN1255
TRINITY_DN1246_c0_g1_i1	S0005-DNDN1246
TRINITY_DN1293_c0_g1_i1	S0005-DNDN1293
TRINITY_DN1230_c0_g1_i1	S0005-DNDN1230
TRINITY_DN1204_c0_g1_i1	S0005-DNDN1204
TRINITY_DN1248_c0_g1_i1	S0005-DNDN1248
TRINITY_DN1208_c0_g1_i1	S0005-DNDN1208
TRINITY_DN1261_c0_g1_i1	S0005-DNDN1261
TRINITY_DN976_c0_g1_i1	S0005-DNDN976
TRINITY_DN961_c0_g1_i1	S0005-DNDN961
TRINITY_DN916_c0_g1_i1	S0005-DNDN916
TRINITY_DN970_c0_g1_i1	S0005-DNDN970
TRINITY_DN941_c0_g1_i1	S0005-DNDN941
TRINITY_DN963_c0_g1_i1	S0005-DNDN963
TRINITY_DN907_c0_g1_i1	S0005-DNDN907
TRINITY_DN998_c0_g1_i1	S0005-DNDN998
TRINITY_DN947_c0_g1_i1	S0005-DNDN947
TRINITY_DN908_c0_g1_i1	S0005-DNDN908
TRINITY_DN992_c0_g1_i1	S0005-DNDN992
TRINITY_DN912_c0_g1_i1	S0005-DNDN912
TRINITY_DN935_c0_g1_i1	S0005-DNDN935
TRINITY_DN974_c0_g1_i1	S0005-DNDN974
TRINITY_DN939_c0_g1_i1	S0005-DNDN939
TRINITY_DN953_c0_g1_i1	S0005-DNDN953
TRINITY_DN969_c0_g1_i1	S0005-DNDN969
TRINITY_DN917_c0_g1_i1	S0005-DNDN917
TRINITY_DN933_c0_g1_i1	S0005-DNDN933
TRINITY_DN926_c0_g1_i1	S0005-DNDN926
TRINITY_DN944_c0_g1_i1	S0005-DNDN944
TRINITY_DN910_c0_g1_i1	S0005-DNDN910
TRINITY_DN982_c0_g1_i1	S0005-DNDN982
TRINITY_DN990_c0_g1_i1	S0005-DNDN990
TRINITY_DN995_c0_g1_i1	S0005-DNDN995
TRINITY_DN996_c0_g1_i1	S0005-DNDN996
TRINITY_DN980_c0_g1_i1	S0005-DNDN980
TRINITY_DN951_c0_g1_i1	S0005-DNDN951
TRINITY_DN902_c0_g1_i1	S0005-DNDN902
TRINITY_DN962_c0_g1_i1	S0005-DNDN962
TRINITY_DN929_c0_g1_i1	S0005-DNDN929
TRINITY_DN930_c0_g1_i1	S0005-DNDN930
TRINITY_DN918_c0_g1_i1	S0005-DNDN918
TRINITY_DN977_c0_g1_i1	S0005-DNDN977
TRINITY_DN960_c0_g1_i1	S0005-DNDN960
TRINITY_DN991_c0_g1_i1	S0005-DNDN991
TRINITY_DN964_c0_g1_i1	S0005-DNDN964
TRINITY_DN979_c0_g1_i1	S0005-DNDN979
TRINITY_DN950_c0_g1_i1	S0005-DNDN950
TRINITY_DN958_c0_g1_i1	S0005-DNDN958
TRINITY_DN983_c0_g1_i1	S0005-DNDN983
TRINITY_DN984_c0_g1_i1	S0005-DNDN984
TRINITY_DN901_c0_g1_i1	S0005-DNDN901
TRINITY_DN938_c0_g1_i1	S0005-DNDN938
TRINITY_DN914_c0_g1_i1	S0005-DNDN914
TRINITY_DN921_c0_g1_i1	S0005-DNDN921
TRINITY_DN927_c0_g1_i1	S0005-DNDN927
TRINITY_DN965_c0_g1_i1	S0005-DNDN965
TRINITY_DN909_c0_g1_i1	S0005-DNDN909
TRINITY_DN981_c0_g1_i1	S0005-DNDN981
TRINITY_DN913_c0_g1_i1	S0005-DNDN913
TRINITY_DN956_c0_g1_i1	S0005-DNDN956
TRINITY_DN906_c0_g1_i1	S0005-DNDN906
TRINITY_DN928_c0_g1_i1	S0005-DNDN928
TRINITY_DN999_c0_g1_i1	S0005-DNDN999
TRINITY_DN940_c0_g1_i1	S0005-DNDN940
TRINITY_DN968_c0_g1_i1	S0005-DNDN968
TRINITY_DN915_c0_g1_i1	S0005-DNDN915
TRINITY_DN946_c0_g1_i1	S0005-DNDN946
TRINITY_DN987_c0_g1_i1	S0005-DNDN987
TRINITY_DN925_c0_g1_i1	S0005-DNDN925
TRINITY_DN973_c0_g1_i1	S0005-DNDN973
TRINITY_DN900_c0_g1_i1	S0005-DNDN900
TRINITY_DN997_c0_g1_i1	S0005-DNDN997
TRINITY_DN994_c0_g1_i1	S0005-DNDN994
TRINITY_DN971_c0_g1_i1	S0005-DNDN971
TRINITY_DN967_c0_g1_i1	S0005-DNDN967
TRINITY_DN905_c0_g1_i1	S0005-DNDN905
TRINITY_DN959_c0_g1_i1	S0005-DNDN959
TRINITY_DN922_c0_g1_i1	S0005-DNDN922
TRINITY_DN937_c0_g1_i1	S0005-DNDN937
TRINITY_DN923_c0_g1_i1	S0005-DNDN923
TRINITY_DN924_c0_g1_i1	S0005-DNDN924
TRINITY_DN948_c0_g1_i1	S0005-DNDN948
TRINITY_DN957_c0_g1_i1	S0005-DNDN957
TRINITY_DN903_c0_g1_i1	S0005-DNDN903
TRINITY_DN903_c1_g1_i1	S0005-DNDN903
TRINITY_DN989_c0_g1_i1	S0005-DNDN989
TRINITY_DN943_c0_g1_i1	S0005-DNDN943
TRINITY_DN975_c0_g1_i1	S0005-DNDN975
TRINITY_DN955_c0_g1_i1	S0005-DNDN955
TRINITY_DN952_c0_g1_i1	S0005-DNDN952
TRINITY_DN904_c0_g1_i1	S0005-DNDN904
TRINITY_DN931_c0_g1_i1	S0005-DNDN931
TRINITY_DN954_c0_g1_i1	S0005-DNDN954
TRINITY_DN966_c0_g1_i1	S0005-DNDN966
TRINITY_DN911_c0_g1_i1	S0005-DNDN911
TRINITY_DN934_c0_g1_i1	S0005-DNDN934
TRINITY_DN945_c0_g1_i1	S0005-DNDN945
TRINITY_DN972_c0_g1_i1	S0005-DNDN972
TRINITY_DN978_c0_g1_i1	S0005-DNDN978
TRINITY_DN932_c0_g1_i1	S0005-DNDN932
TRINITY_DN936_c0_g1_i1	S0005-DNDN936
TRINITY_DN993_c0_g1_i1	S0005-DNDN993
TRINITY_DN985_c0_g1_i1	S0005-DNDN985
TRINITY_DN1502_c0_g1_i1	S0005-DNDN1502
TRINITY_DN1517_c0_g1_i1	S0005-DNDN1517
TRINITY_DN1517_c1_g1_i1	S0005-DNDN1517
TRINITY_DN1529_c0_g1_i1	S0005-DNDN1529
TRINITY_DN1521_c0_g1_i1	S0005-DNDN1521
TRINITY_DN1548_c0_g1_i1	S0005-DNDN1548
TRINITY_DN1570_c0_g1_i1	S0005-DNDN1570
TRINITY_DN1594_c0_g1_i1	S0005-DNDN1594
TRINITY_DN1568_c0_g1_i1	S0005-DNDN1568
TRINITY_DN1596_c0_g1_i1	S0005-DNDN1596
TRINITY_DN1537_c0_g1_i1	S0005-DNDN1537
TRINITY_DN1598_c0_g1_i1	S0005-DNDN1598
TRINITY_DN1552_c0_g1_i1	S0005-DNDN1552
TRINITY_DN1586_c0_g1_i1	S0005-DNDN1586
TRINITY_DN1528_c0_g1_i1	S0005-DNDN1528
TRINITY_DN1535_c0_g1_i1	S0005-DNDN1535
TRINITY_DN1533_c0_g1_i1	S0005-DNDN1533
TRINITY_DN1536_c0_g1_i1	S0005-DNDN1536
TRINITY_DN1530_c0_g1_i1	S0005-DNDN1530
TRINITY_DN1522_c0_g1_i1	S0005-DNDN1522
TRINITY_DN1505_c0_g1_i1	S0005-DNDN1505
TRINITY_DN1591_c0_g1_i1	S0005-DNDN1591
TRINITY_DN1507_c0_g1_i1	S0005-DNDN1507
TRINITY_DN1512_c0_g1_i1	S0005-DNDN1512
TRINITY_DN1597_c0_g1_i1	S0005-DNDN1597
TRINITY_DN1571_c0_g1_i1	S0005-DNDN1571
TRINITY_DN1585_c0_g1_i1	S0005-DNDN1585
TRINITY_DN1518_c0_g1_i1	S0005-DNDN1518
TRINITY_DN1599_c0_g1_i1	S0005-DNDN1599
TRINITY_DN1523_c0_g1_i1	S0005-DNDN1523
TRINITY_DN1525_c0_g1_i1	S0005-DNDN1525
TRINITY_DN1546_c0_g1_i1	S0005-DNDN1546
TRINITY_DN1566_c0_g1_i1	S0005-DNDN1566
TRINITY_DN1503_c0_g1_i1	S0005-DNDN1503
TRINITY_DN1558_c0_g1_i1	S0005-DNDN1558
TRINITY_DN1511_c0_g1_i1	S0005-DNDN1511
TRINITY_DN1561_c0_g1_i1	S0005-DNDN1561
TRINITY_DN1564_c0_g1_i1	S0005-DNDN1564
TRINITY_DN1575_c0_g1_i1	S0005-DNDN1575
TRINITY_DN1576_c0_g1_i1	S0005-DNDN1576
TRINITY_DN1573_c0_g1_i1	S0005-DNDN1573
TRINITY_DN1590_c0_g1_i2	S0005-DNDN1590
TRINITY_DN1590_c0_g1_i1	S0005-DNDN1590
TRINITY_DN1567_c0_g1_i1	S0005-DNDN1567
TRINITY_DN1563_c0_g1_i1	S0005-DNDN1563
TRINITY_DN1547_c0_g1_i1	S0005-DNDN1547
TRINITY_DN1589_c0_g1_i1	S0005-DNDN1589
TRINITY_DN1589_c1_g1_i1	S0005-DNDN1589
TRINITY_DN1500_c0_g1_i1	S0005-DNDN1500
TRINITY_DN1553_c0_g1_i1	S0005-DNDN1553
TRINITY_DN1595_c0_g1_i1	S0005-DNDN1595
TRINITY_DN1543_c0_g1_i1	S0005-DNDN1543
TRINITY_DN1555_c0_g1_i1	S0005-DNDN1555
TRINITY_DN1577_c0_g1_i1	S0005-DNDN1577
TRINITY_DN1524_c0_g1_i1	S0005-DNDN1524
TRINITY_DN1516_c0_g1_i1	S0005-DNDN1516
TRINITY_DN1579_c0_g1_i1	S0005-DNDN1579
TRINITY_DN1526_c0_g1_i1	S0005-DNDN1526
TRINITY_DN1527_c0_g1_i1	S0005-DNDN1527
TRINITY_DN1560_c0_g1_i1	S0005-DNDN1560
TRINITY_DN1554_c0_g1_i1	S0005-DNDN1554
TRINITY_DN1569_c0_g1_i1	S0005-DNDN1569
TRINITY_DN1538_c0_g1_i1	S0005-DNDN1538
TRINITY_DN1509_c0_g1_i2	S0005-DNDN1509
TRINITY_DN1509_c0_g1_i1	S0005-DNDN1509
TRINITY_DN1557_c0_g1_i1	S0005-DNDN1557
TRINITY_DN1504_c0_g1_i1	S0005-DNDN1504
TRINITY_DN1593_c0_g1_i1	S0005-DNDN1593
TRINITY_DN1551_c0_g1_i1	S0005-DNDN1551
TRINITY_DN1541_c0_g1_i1	S0005-DNDN1541
TRINITY_DN1572_c0_g1_i1	S0005-DNDN1572
TRINITY_DN1506_c0_g1_i1	S0005-DNDN1506
TRINITY_DN1520_c0_g1_i1	S0005-DNDN1520
TRINITY_DN1510_c0_g1_i1	S0005-DNDN1510
TRINITY_DN1587_c0_g1_i1	S0005-DNDN1587
TRINITY_DN1531_c0_g1_i1	S0005-DNDN1531
TRINITY_DN1581_c0_g1_i1	S0005-DNDN1581
TRINITY_DN1508_c0_g1_i1	S0005-DNDN1508
TRINITY_DN1539_c0_g1_i1	S0005-DNDN1539
TRINITY_DN1592_c0_g1_i1	S0005-DNDN1592
TRINITY_DN1515_c0_g1_i1	S0005-DNDN1515
TRINITY_DN1545_c0_g1_i1	S0005-DNDN1545
TRINITY_DN1545_c1_g1_i1	S0005-DNDN1545
TRINITY_DN1559_c0_g1_i1	S0005-DNDN1559
TRINITY_DN1501_c0_g1_i1	S0005-DNDN1501
TRINITY_DN1562_c0_g1_i1	S0005-DNDN1562
TRINITY_DN1534_c0_g1_i1	S0005-DNDN1534
TRINITY_DN1532_c0_g1_i1	S0005-DNDN1532
TRINITY_DN1513_c0_g1_i1	S0005-DNDN1513
TRINITY_DN1549_c0_g1_i1	S0005-DNDN1549
TRINITY_DN1582_c0_g1_i1	S0005-DNDN1582
TRINITY_DN1578_c0_g1_i1	S0005-DNDN1578
TRINITY_DN1584_c0_g1_i1	S0005-DNDN1584
TRINITY_DN1878_c0_g1_i1	S0005-DNDN1878
TRINITY_DN1874_c0_g1_i1	S0005-DNDN1874
TRINITY_DN1879_c0_g1_i1	S0005-DNDN1879
TRINITY_DN1852_c0_g1_i1	S0005-DNDN1852
TRINITY_DN1842_c0_g1_i1	S0005-DNDN1842
TRINITY_DN1895_c0_g1_i1	S0005-DNDN1895
TRINITY_DN1845_c0_g1_i1	S0005-DNDN1845
TRINITY_DN1868_c0_g1_i1	S0005-DNDN1868
TRINITY_DN1816_c0_g1_i1	S0005-DNDN1816
TRINITY_DN1890_c0_g1_i1	S0005-DNDN1890
TRINITY_DN1804_c0_g1_i1	S0005-DNDN1804
TRINITY_DN1812_c0_g1_i1	S0005-DNDN1812
TRINITY_DN1840_c0_g1_i1	S0005-DNDN1840
TRINITY_DN1803_c0_g1_i1	S0005-DNDN1803
TRINITY_DN1833_c0_g1_i1	S0005-DNDN1833
TRINITY_DN1898_c0_g1_i1	S0005-DNDN1898
TRINITY_DN1854_c0_g1_i1	S0005-DNDN1854
TRINITY_DN1881_c0_g1_i1	S0005-DNDN1881
TRINITY_DN1827_c0_g1_i1	S0005-DNDN1827
TRINITY_DN1822_c0_g1_i1	S0005-DNDN1822
TRINITY_DN1882_c0_g1_i1	S0005-DNDN1882
TRINITY_DN1832_c0_g1_i1	S0005-DNDN1832
TRINITY_DN1871_c0_g1_i1	S0005-DNDN1871
TRINITY_DN1893_c0_g1_i1	S0005-DNDN1893
TRINITY_DN1855_c0_g1_i1	S0005-DNDN1855
TRINITY_DN1819_c0_g1_i1	S0005-DNDN1819
TRINITY_DN1828_c0_g1_i1	S0005-DNDN1828
TRINITY_DN1877_c0_g1_i1	S0005-DNDN1877
TRINITY_DN1875_c0_g1_i1	S0005-DNDN1875
TRINITY_DN1821_c0_g1_i1	S0005-DNDN1821
TRINITY_DN1810_c0_g1_i1	S0005-DNDN1810
TRINITY_DN1813_c0_g1_i1	S0005-DNDN1813
TRINITY_DN1862_c0_g1_i1	S0005-DNDN1862
TRINITY_DN1807_c0_g1_i1	S0005-DNDN1807
TRINITY_DN1863_c0_g1_i1	S0005-DNDN1863
TRINITY_DN1808_c0_g1_i1	S0005-DNDN1808
TRINITY_DN1886_c0_g1_i1	S0005-DNDN1886
TRINITY_DN1848_c0_g1_i1	S0005-DNDN1848
TRINITY_DN1836_c0_g1_i1	S0005-DNDN1836
TRINITY_DN1817_c0_g1_i1	S0005-DNDN1817
TRINITY_DN1867_c0_g1_i1	S0005-DNDN1867
TRINITY_DN1894_c0_g1_i1	S0005-DNDN1894
TRINITY_DN1857_c0_g1_i1	S0005-DNDN1857
TRINITY_DN1896_c0_g1_i1	S0005-DNDN1896
TRINITY_DN1850_c0_g1_i1	S0005-DNDN1850
TRINITY_DN1847_c0_g1_i1	S0005-DNDN1847
TRINITY_DN1885_c0_g1_i1	S0005-DNDN1885
TRINITY_DN1887_c0_g1_i1	S0005-DNDN1887
TRINITY_DN1858_c0_g1_i1	S0005-DNDN1858
TRINITY_DN1843_c0_g1_i1	S0005-DNDN1843
TRINITY_DN1814_c0_g1_i1	S0005-DNDN1814
TRINITY_DN1870_c0_g1_i1	S0005-DNDN1870
TRINITY_DN1860_c0_g1_i1	S0005-DNDN1860
TRINITY_DN1825_c0_g1_i1	S0005-DNDN1825
TRINITY_DN1861_c0_g1_i1	S0005-DNDN1861
TRINITY_DN1826_c0_g1_i1	S0005-DNDN1826
TRINITY_DN1876_c0_g1_i1	S0005-DNDN1876
TRINITY_DN1883_c0_g1_i1	S0005-DNDN1883
TRINITY_DN1889_c0_g1_i1	S0005-DNDN1889
TRINITY_DN1873_c0_g1_i1	S0005-DNDN1873
TRINITY_DN1846_c0_g1_i1	S0005-DNDN1846
TRINITY_DN1801_c0_g1_i1	S0005-DNDN1801
TRINITY_DN1891_c0_g1_i1	S0005-DNDN1891
TRINITY_DN1899_c0_g1_i1	S0005-DNDN1899
TRINITY_DN1851_c0_g1_i1	S0005-DNDN1851
TRINITY_DN1865_c0_g1_i1	S0005-DNDN1865
TRINITY_DN1864_c0_g1_i1	S0005-DNDN1864
TRINITY_DN1849_c0_g1_i1	S0005-DNDN1849
TRINITY_DN1835_c0_g1_i1	S0005-DNDN1835
TRINITY_DN1844_c0_g1_i1	S0005-DNDN1844
TRINITY_DN1897_c0_g1_i1	S0005-DNDN1897
TRINITY_DN1838_c0_g1_i1	S0005-DNDN1838
TRINITY_DN1869_c0_g1_i1	S0005-DNDN1869
TRINITY_DN1818_c0_g1_i1	S0005-DNDN1818
TRINITY_DN1853_c0_g1_i1	S0005-DNDN1853
TRINITY_DN1823_c0_g1_i1	S0005-DNDN1823
TRINITY_DN1834_c0_g1_i1	S0005-DNDN1834
TRINITY_DN1811_c0_g1_i1	S0005-DNDN1811
TRINITY_DN1837_c0_g1_i1	S0005-DNDN1837
TRINITY_DN1802_c0_g1_i1	S0005-DNDN1802
TRINITY_DN1806_c0_g1_i1	S0005-DNDN1806
TRINITY_DN1809_c0_g1_i1	S0005-DNDN1809
TRINITY_DN1800_c0_g1_i1	S0005-DNDN1800
TRINITY_DN1880_c0_g1_i1	S0005-DNDN1880
TRINITY_DN1830_c0_g1_i1	S0005-DNDN1830
TRINITY_DN1815_c0_g1_i1	S0005-DNDN1815
TRINITY_DN1824_c0_g1_i1	S0005-DNDN1824
TRINITY_DN1829_c0_g1_i1	S0005-DNDN1829
TRINITY_DN1805_c0_g1_i1	S0005-DNDN1805
TRINITY_DN1892_c0_g1_i1	S0005-DNDN1892
TRINITY_DN1081_c0_g1_i1	S0005-DNDN1081
TRINITY_DN1052_c0_g1_i1	S0005-DNDN1052
TRINITY_DN1071_c0_g1_i1	S0005-DNDN1071
TRINITY_DN1037_c0_g1_i1	S0005-DNDN1037
TRINITY_DN1042_c0_g1_i1	S0005-DNDN1042
TRINITY_DN1073_c0_g1_i1	S0005-DNDN1073
TRINITY_DN1028_c0_g1_i1	S0005-DNDN1028
TRINITY_DN1013_c0_g1_i1	S0005-DNDN1013
TRINITY_DN1053_c0_g1_i1	S0005-DNDN1053
TRINITY_DN1011_c0_g1_i1	S0005-DNDN1011
TRINITY_DN1035_c0_g1_i1	S0005-DNDN1035
TRINITY_DN1082_c0_g1_i1	S0005-DNDN1082
TRINITY_DN1026_c0_g1_i1	S0005-DNDN1026
TRINITY_DN1084_c0_g1_i1	S0005-DNDN1084
TRINITY_DN1051_c0_g1_i1	S0005-DNDN1051
TRINITY_DN1072_c0_g1_i1	S0005-DNDN1072
TRINITY_DN1085_c0_g1_i1	S0005-DNDN1085
TRINITY_DN1025_c0_g1_i1	S0005-DNDN1025
TRINITY_DN1070_c0_g1_i1	S0005-DNDN1070
TRINITY_DN1034_c0_g1_i1	S0005-DNDN1034
TRINITY_DN1038_c0_g1_i1	S0005-DNDN1038
TRINITY_DN1086_c0_g1_i1	S0005-DNDN1086
TRINITY_DN1049_c0_g1_i1	S0005-DNDN1049
TRINITY_DN1087_c0_g1_i1	S0005-DNDN1087
TRINITY_DN1008_c0_g1_i1	S0005-DNDN1008
TRINITY_DN1055_c0_g1_i1	S0005-DNDN1055
TRINITY_DN1046_c0_g1_i1	S0005-DNDN1046
TRINITY_DN1002_c0_g1_i1	S0005-DNDN1002
TRINITY_DN1075_c0_g1_i1	S0005-DNDN1075
TRINITY_DN1007_c0_g1_i1	S0005-DNDN1007
TRINITY_DN1089_c0_g1_i1	S0005-DNDN1089
TRINITY_DN1009_c0_g1_i1	S0005-DNDN1009
TRINITY_DN1096_c0_g1_i1	S0005-DNDN1096
TRINITY_DN1097_c0_g1_i1	S0005-DNDN1097
TRINITY_DN1088_c0_g1_i1	S0005-DNDN1088
TRINITY_DN1098_c0_g1_i1	S0005-DNDN1098
TRINITY_DN1018_c0_g1_i1	S0005-DNDN1018
TRINITY_DN1024_c0_g1_i1	S0005-DNDN1024
TRINITY_DN1030_c0_g1_i1	S0005-DNDN1030
TRINITY_DN1078_c0_g1_i1	S0005-DNDN1078
TRINITY_DN1047_c0_g1_i1	S0005-DNDN1047
TRINITY_DN1017_c0_g1_i1	S0005-DNDN1017
TRINITY_DN1061_c0_g1_i1	S0005-DNDN1061
TRINITY_DN1045_c0_g1_i1	S0005-DNDN1045
TRINITY_DN1031_c0_g1_i1	S0005-DNDN1031
TRINITY_DN1041_c0_g1_i1	S0005-DNDN1041
TRINITY_DN1059_c0_g1_i1	S0005-DNDN1059
TRINITY_DN1006_c0_g1_i1	S0005-DNDN1006
TRINITY_DN1001_c0_g1_i1	S0005-DNDN1001
TRINITY_DN1033_c0_g1_i1	S0005-DNDN1033
TRINITY_DN1094_c0_g1_i1	S0005-DNDN1094
TRINITY_DN1010_c0_g1_i1	S0005-DNDN1010
TRINITY_DN1050_c0_g1_i1	S0005-DNDN1050
TRINITY_DN1092_c0_g1_i1	S0005-DNDN1092
TRINITY_DN1021_c0_g1_i1	S0005-DNDN1021
TRINITY_DN1048_c0_g1_i1	S0005-DNDN1048
TRINITY_DN1054_c0_g1_i1	S0005-DNDN1054
TRINITY_DN1066_c0_g1_i1	S0005-DNDN1066
TRINITY_DN1067_c0_g1_i1	S0005-DNDN1067
TRINITY_DN1068_c0_g1_i1	S0005-DNDN1068
TRINITY_DN1068_c1_g1_i1	S0005-DNDN1068
TRINITY_DN1095_c0_g1_i1	S0005-DNDN1095
TRINITY_DN1040_c0_g1_i1	S0005-DNDN1040
TRINITY_DN1093_c0_g1_i1	S0005-DNDN1093
TRINITY_DN1058_c0_g1_i1	S0005-DNDN1058
TRINITY_DN1000_c0_g1_i1	S0005-DNDN1000
TRINITY_DN1014_c0_g1_i1	S0005-DNDN1014
TRINITY_DN1064_c0_g1_i1	S0005-DNDN1064
TRINITY_DN1057_c0_g1_i1	S0005-DNDN1057
TRINITY_DN1062_c0_g1_i1	S0005-DNDN1062
TRINITY_DN1065_c0_g1_i1	S0005-DNDN1065
TRINITY_DN1083_c0_g1_i1	S0005-DNDN1083
TRINITY_DN1003_c0_g1_i1	S0005-DNDN1003
TRINITY_DN1079_c0_g1_i1	S0005-DNDN1079
TRINITY_DN1039_c0_g1_i1	S0005-DNDN1039
TRINITY_DN1044_c0_g1_i1	S0005-DNDN1044
TRINITY_DN1063_c0_g1_i1	S0005-DNDN1063
TRINITY_DN1060_c0_g1_i1	S0005-DNDN1060
TRINITY_DN1077_c0_g1_i1	S0005-DNDN1077
TRINITY_DN1019_c0_g1_i1	S0005-DNDN1019
TRINITY_DN1091_c0_g1_i1	S0005-DNDN1091
TRINITY_DN1056_c0_g1_i1	S0005-DNDN1056
TRINITY_DN1099_c0_g1_i1	S0005-DNDN1099
TRINITY_DN1090_c0_g1_i1	S0005-DNDN1090
TRINITY_DN1074_c0_g1_i1	S0005-DNDN1074
TRINITY_DN1023_c0_g1_i1	S0005-DNDN1023
TRINITY_DN1012_c0_g1_i1	S0005-DNDN1012
TRINITY_DN1004_c0_g1_i1	S0005-DNDN1004
TRINITY_DN1029_c0_g1_i1	S0005-DNDN1029
TRINITY_DN1015_c0_g1_i1	S0005-DNDN1015
TRINITY_DN1069_c0_g1_i1	S0005-DNDN1069
TRINITY_DN1005_c0_g1_i1	S0005-DNDN1005
TRINITY_DN1080_c0_g1_i1	S0005-DNDN1080
TRINITY_DN1032_c0_g1_i1	S0005-DNDN1032
TRINITY_DN384_c1_g1_i1	S0005-DNDN384
TRINITY_DN379_c0_g1_i1	S0005-DNDN379
TRINITY_DN322_c0_g1_i1	S0005-DNDN322
TRINITY_DN340_c0_g1_i1	S0005-DNDN340
TRINITY_DN347_c0_g1_i1	S0005-DNDN347
TRINITY_DN325_c0_g1_i1	S0005-DNDN325
TRINITY_DN360_c0_g1_i1	S0005-DNDN360
TRINITY_DN323_c0_g1_i1	S0005-DNDN323
TRINITY_DN375_c0_g1_i1	S0005-DNDN375
TRINITY_DN380_c0_g1_i1	S0005-DNDN380
TRINITY_DN380_c0_g1_i2	S0005-DNDN380
TRINITY_DN369_c0_g1_i1	S0005-DNDN369
TRINITY_DN327_c0_g1_i1	S0005-DNDN327
TRINITY_DN368_c0_g1_i1	S0005-DNDN368
TRINITY_DN388_c0_g1_i1	S0005-DNDN388
TRINITY_DN374_c0_g1_i1	S0005-DNDN374
TRINITY_DN307_c0_g1_i1	S0005-DNDN307
TRINITY_DN348_c0_g1_i1	S0005-DNDN348
TRINITY_DN316_c0_g1_i1	S0005-DNDN316
TRINITY_DN334_c0_g1_i1	S0005-DNDN334
TRINITY_DN358_c0_g1_i1	S0005-DNDN358
TRINITY_DN396_c0_g1_i1	S0005-DNDN396
TRINITY_DN377_c0_g1_i1	S0005-DNDN377
TRINITY_DN310_c0_g1_i1	S0005-DNDN310
TRINITY_DN371_c0_g1_i1	S0005-DNDN371
TRINITY_DN338_c0_g1_i1	S0005-DNDN338
TRINITY_DN378_c0_g1_i1	S0005-DNDN378
TRINITY_DN302_c0_g1_i1	S0005-DNDN302
TRINITY_DN345_c0_g1_i1	S0005-DNDN345
TRINITY_DN313_c0_g1_i1	S0005-DNDN313
TRINITY_DN367_c0_g1_i1	S0005-DNDN367
TRINITY_DN365_c0_g1_i1	S0005-DNDN365
TRINITY_DN386_c0_g1_i1	S0005-DNDN386
TRINITY_DN300_c0_g1_i1	S0005-DNDN300
TRINITY_DN339_c0_g1_i1	S0005-DNDN339
TRINITY_DN359_c0_g1_i1	S0005-DNDN359
TRINITY_DN308_c0_g1_i1	S0005-DNDN308
TRINITY_DN321_c0_g1_i1	S0005-DNDN321
TRINITY_DN391_c0_g1_i1	S0005-DNDN391
TRINITY_DN335_c0_g1_i1	S0005-DNDN335
TRINITY_DN362_c0_g1_i1	S0005-DNDN362
TRINITY_DN393_c0_g1_i1	S0005-DNDN393
TRINITY_DN346_c0_g1_i1	S0005-DNDN346
TRINITY_DN318_c0_g1_i1	S0005-DNDN318
TRINITY_DN392_c0_g1_i1	S0005-DNDN392
TRINITY_DN314_c0_g1_i1	S0005-DNDN314
TRINITY_DN344_c0_g1_i1	S0005-DNDN344
TRINITY_DN354_c0_g1_i1	S0005-DNDN354
TRINITY_DN382_c0_g1_i1	S0005-DNDN382
TRINITY_DN383_c0_g1_i1	S0005-DNDN383
TRINITY_DN395_c0_g1_i1	S0005-DNDN395
TRINITY_DN305_c0_g1_i1	S0005-DNDN305
TRINITY_DN304_c0_g1_i1	S0005-DNDN304
TRINITY_DN356_c0_g1_i1	S0005-DNDN356
TRINITY_DN350_c0_g1_i1	S0005-DNDN350
TRINITY_DN399_c0_g1_i1	S0005-DNDN399
TRINITY_DN324_c0_g1_i1	S0005-DNDN324
TRINITY_DN311_c0_g1_i1	S0005-DNDN311
TRINITY_DN330_c0_g1_i1	S0005-DNDN330
TRINITY_DN357_c0_g1_i1	S0005-DNDN357
TRINITY_DN320_c0_g1_i1	S0005-DNDN320
TRINITY_DN341_c0_g1_i1	S0005-DNDN341
TRINITY_DN398_c0_g1_i1	S0005-DNDN398
TRINITY_DN328_c0_g1_i1	S0005-DNDN328
TRINITY_DN315_c0_g1_i1	S0005-DNDN315
TRINITY_DN326_c0_g1_i1	S0005-DNDN326
TRINITY_DN331_c0_g1_i1	S0005-DNDN331
TRINITY_DN385_c0_g1_i1	S0005-DNDN385
TRINITY_DN342_c0_g1_i1	S0005-DNDN342
TRINITY_DN710_c0_g1_i1	S0005-DNDN710
TRINITY_DN795_c0_g1_i1	S0005-DNDN795
TRINITY_DN703_c0_g1_i1	S0005-DNDN703
TRINITY_DN726_c0_g1_i1	S0005-DNDN726
TRINITY_DN725_c0_g1_i1	S0005-DNDN725
TRINITY_DN798_c0_g1_i1	S0005-DNDN798
TRINITY_DN731_c0_g1_i1	S0005-DNDN731
TRINITY_DN704_c0_g1_i1	S0005-DNDN704
TRINITY_DN773_c0_g1_i1	S0005-DNDN773
TRINITY_DN737_c0_g1_i1	S0005-DNDN737
TRINITY_DN729_c0_g1_i1	S0005-DNDN729
TRINITY_DN771_c0_g1_i1	S0005-DNDN771
TRINITY_DN787_c0_g1_i1	S0005-DNDN787
TRINITY_DN707_c0_g1_i1	S0005-DNDN707
TRINITY_DN744_c0_g1_i1	S0005-DNDN744
TRINITY_DN709_c0_g1_i1	S0005-DNDN709
TRINITY_DN711_c0_g1_i1	S0005-DNDN711
TRINITY_DN779_c0_g1_i1	S0005-DNDN779
TRINITY_DN784_c0_g1_i1	S0005-DNDN784
TRINITY_DN772_c0_g1_i1	S0005-DNDN772
TRINITY_DN752_c0_g1_i1	S0005-DNDN752
TRINITY_DN785_c0_g1_i1	S0005-DNDN785
TRINITY_DN761_c0_g1_i1	S0005-DNDN761
TRINITY_DN734_c0_g1_i1	S0005-DNDN734
TRINITY_DN750_c0_g1_i1	S0005-DNDN750
TRINITY_DN741_c0_g1_i1	S0005-DNDN741
TRINITY_DN736_c0_g1_i1	S0005-DNDN736
TRINITY_DN799_c0_g1_i1	S0005-DNDN799
TRINITY_DN700_c0_g1_i1	S0005-DNDN700
TRINITY_DN774_c0_g1_i1	S0005-DNDN774
TRINITY_DN766_c0_g1_i1	S0005-DNDN766
TRINITY_DN792_c0_g1_i1	S0005-DNDN792
TRINITY_DN767_c0_g1_i1	S0005-DNDN767
TRINITY_DN730_c0_g1_i1	S0005-DNDN730
TRINITY_DN776_c0_g1_i1	S0005-DNDN776
TRINITY_DN716_c0_g1_i1	S0005-DNDN716
TRINITY_DN793_c0_g1_i1	S0005-DNDN793
TRINITY_DN790_c0_g1_i1	S0005-DNDN790
TRINITY_DN722_c0_g1_i1	S0005-DNDN722
TRINITY_DN783_c0_g1_i1	S0005-DNDN783
TRINITY_DN789_c0_g1_i1	S0005-DNDN789
TRINITY_DN742_c0_g1_i1	S0005-DNDN742
TRINITY_DN782_c0_g1_i1	S0005-DNDN782
TRINITY_DN708_c0_g1_i1	S0005-DNDN708
TRINITY_DN749_c0_g1_i1	S0005-DNDN749
TRINITY_DN757_c0_g1_i1	S0005-DNDN757
TRINITY_DN717_c0_g1_i1	S0005-DNDN717
TRINITY_DN780_c0_g1_i1	S0005-DNDN780
TRINITY_DN753_c0_g1_i1	S0005-DNDN753
TRINITY_DN753_c0_g1_i2	S0005-DNDN753
TRINITY_DN740_c0_g1_i1	S0005-DNDN740
TRINITY_DN797_c0_g1_i1	S0005-DNDN797
TRINITY_DN706_c0_g1_i1	S0005-DNDN706
TRINITY_DN796_c0_g1_i1	S0005-DNDN796
TRINITY_DN735_c0_g1_i1	S0005-DNDN735
TRINITY_DN732_c0_g1_i1	S0005-DNDN732
TRINITY_DN762_c0_g1_i1	S0005-DNDN762
TRINITY_DN727_c0_g1_i1	S0005-DNDN727
TRINITY_DN743_c0_g1_i1	S0005-DNDN743
TRINITY_DN714_c0_g1_i1	S0005-DNDN714
TRINITY_DN751_c0_g1_i1	S0005-DNDN751
TRINITY_DN746_c0_g1_i1	S0005-DNDN746
TRINITY_DN765_c0_g1_i1	S0005-DNDN765
TRINITY_DN786_c0_g1_i1	S0005-DNDN786
TRINITY_DN788_c0_g1_i1	S0005-DNDN788
TRINITY_DN791_c0_g1_i1	S0005-DNDN791
TRINITY_DN723_c0_g1_i1	S0005-DNDN723
TRINITY_DN721_c0_g1_i1	S0005-DNDN721
TRINITY_DN747_c0_g1_i1	S0005-DNDN747
TRINITY_DN764_c0_g1_i1	S0005-DNDN764
TRINITY_DN763_c0_g1_i1	S0005-DNDN763
TRINITY_DN720_c0_g1_i1	S0005-DNDN720
TRINITY_DN794_c0_g1_i1	S0005-DNDN794
TRINITY_DN702_c0_g1_i1	S0005-DNDN702
TRINITY_DN738_c0_g1_i1	S0005-DNDN738
TRINITY_DN701_c0_g1_i1	S0005-DNDN701
TRINITY_DN756_c0_g1_i1	S0005-DNDN756
TRINITY_DN745_c0_g1_i1	S0005-DNDN745
TRINITY_DN728_c0_g1_i1	S0005-DNDN728
TRINITY_DN754_c0_g1_i1	S0005-DNDN754
TRINITY_DN770_c0_g1_i1	S0005-DNDN770
TRINITY_DN715_c0_g1_i1	S0005-DNDN715
TRINITY_DN778_c0_g1_i1	S0005-DNDN778
TRINITY_DN713_c0_g1_i1	S0005-DNDN713
TRINITY_DN724_c0_g1_i1	S0005-DNDN724
TRINITY_DN781_c0_g1_i1	S0005-DNDN781
TRINITY_DN748_c0_g1_i1	S0005-DNDN748
TRINITY_DN769_c0_g1_i1	S0005-DNDN769
TRINITY_DN775_c0_g1_i1	S0005-DNDN775
TRINITY_DN705_c0_g1_i1	S0005-DNDN705
TRINITY_DN739_c0_g1_i1	S0005-DNDN739
TRINITY_DN719_c0_g1_i1	S0005-DNDN719
TRINITY_DN2240_c0_g1_i1	S0005-DNDN2240
TRINITY_DN2249_c0_g1_i1	S0005-DNDN2249
TRINITY_DN2291_c0_g1_i1	S0005-DNDN2291
TRINITY_DN2223_c0_g1_i1	S0005-DNDN2223
TRINITY_DN2217_c0_g1_i1	S0005-DNDN2217
TRINITY_DN2274_c0_g1_i1	S0005-DNDN2274
TRINITY_DN2235_c0_g1_i1	S0005-DNDN2235
TRINITY_DN2290_c0_g1_i1	S0005-DNDN2290
TRINITY_DN2200_c0_g1_i1	S0005-DNDN2200
TRINITY_DN2243_c0_g1_i1	S0005-DNDN2243
TRINITY_DN2247_c0_g1_i1	S0005-DNDN2247
TRINITY_DN2285_c0_g1_i1	S0005-DNDN2285
TRINITY_DN2209_c0_g1_i1	S0005-DNDN2209
TRINITY_DN2280_c0_g1_i1	S0005-DNDN2280
TRINITY_DN2232_c0_g1_i1	S0005-DNDN2232
TRINITY_DN2205_c0_g1_i1	S0005-DNDN2205
TRINITY_DN2269_c0_g1_i1	S0005-DNDN2269
TRINITY_DN2288_c0_g1_i1	S0005-DNDN2288
TRINITY_DN2204_c0_g1_i1	S0005-DNDN2204
TRINITY_DN2233_c0_g1_i1	S0005-DNDN2233
TRINITY_DN2212_c0_g1_i1	S0005-DNDN2212
TRINITY_DN2264_c0_g1_i1	S0005-DNDN2264
TRINITY_DN2207_c0_g1_i1	S0005-DNDN2207
TRINITY_DN2208_c0_g1_i1	S0005-DNDN2208
TRINITY_DN2276_c0_g1_i1	S0005-DNDN2276
TRINITY_DN2236_c0_g1_i1	S0005-DNDN2236
TRINITY_DN2271_c0_g1_i1	S0005-DNDN2271
TRINITY_DN2256_c0_g1_i1	S0005-DNDN2256
TRINITY_DN2265_c0_g1_i1	S0005-DNDN2265
TRINITY_DN2242_c0_g1_i1	S0005-DNDN2242
TRINITY_DN2266_c0_g1_i1	S0005-DNDN2266
TRINITY_DN2219_c0_g1_i1	S0005-DNDN2219
TRINITY_DN2229_c0_g1_i1	S0005-DNDN2229
TRINITY_DN2261_c0_g1_i1	S0005-DNDN2261
TRINITY_DN2230_c0_g1_i1	S0005-DNDN2230
TRINITY_DN2292_c0_g1_i1	S0005-DNDN2292
TRINITY_DN2272_c0_g1_i1	S0005-DNDN2272
TRINITY_DN2214_c0_g1_i1	S0005-DNDN2214
TRINITY_DN2287_c0_g1_i1	S0005-DNDN2287
TRINITY_DN2268_c0_g1_i1	S0005-DNDN2268
TRINITY_DN2221_c0_g1_i1	S0005-DNDN2221
TRINITY_DN2275_c0_g1_i1	S0005-DNDN2275
TRINITY_DN2239_c0_g1_i1	S0005-DNDN2239
TRINITY_DN2224_c0_g1_i1	S0005-DNDN2224
TRINITY_DN2259_c0_g1_i1	S0005-DNDN2259
TRINITY_DN2254_c0_g1_i1	S0005-DNDN2254
TRINITY_DN2267_c0_g1_i1	S0005-DNDN2267
TRINITY_DN2210_c0_g1_i1	S0005-DNDN2210
TRINITY_DN2255_c0_g1_i1	S0005-DNDN2255
TRINITY_DN2202_c0_g1_i1	S0005-DNDN2202
TRINITY_DN2246_c0_g1_i1	S0005-DNDN2246
TRINITY_DN2216_c0_g1_i1	S0005-DNDN2216
TRINITY_DN2211_c0_g1_i1	S0005-DNDN2211
TRINITY_DN2227_c0_g1_i1	S0005-DNDN2227
TRINITY_DN2279_c0_g1_i1	S0005-DNDN2279
TRINITY_DN2289_c0_g1_i1	S0005-DNDN2289
TRINITY_DN2284_c0_g1_i1	S0005-DNDN2284
TRINITY_DN2298_c0_g1_i1	S0005-DNDN2298
TRINITY_DN2213_c0_g1_i1	S0005-DNDN2213
TRINITY_DN2282_c0_g1_i1	S0005-DNDN2282
TRINITY_DN2228_c0_g1_i1	S0005-DNDN2228
TRINITY_DN2226_c0_g1_i1	S0005-DNDN2226
TRINITY_DN2238_c0_g1_i1	S0005-DNDN2238
TRINITY_DN2248_c0_g1_i1	S0005-DNDN2248
TRINITY_DN2260_c0_g1_i1	S0005-DNDN2260
TRINITY_DN2286_c0_g1_i1	S0005-DNDN2286
TRINITY_DN2241_c0_g1_i1	S0005-DNDN2241
TRINITY_DN2215_c0_g1_i1	S0005-DNDN2215
TRINITY_DN2222_c0_g1_i1	S0005-DNDN2222
TRINITY_DN2297_c0_g1_i1	S0005-DNDN2297
TRINITY_DN2296_c0_g1_i1	S0005-DNDN2296
TRINITY_DN2218_c0_g1_i1	S0005-DNDN2218
TRINITY_DN2294_c0_g1_i1	S0005-DNDN2294
TRINITY_DN2263_c0_g1_i1	S0005-DNDN2263
TRINITY_DN2245_c0_g1_i1	S0005-DNDN2245
TRINITY_DN2293_c0_g1_i1	S0005-DNDN2293
TRINITY_DN2203_c0_g1_i1	S0005-DNDN2203
TRINITY_DN2273_c0_g1_i1	S0005-DNDN2273
TRINITY_DN2253_c0_g1_i1	S0005-DNDN2253
TRINITY_DN2278_c0_g1_i1	S0005-DNDN2278
TRINITY_DN2257_c0_g1_i1	S0005-DNDN2257
TRINITY_DN2206_c0_g1_i1	S0005-DNDN2206
TRINITY_DN2270_c0_g1_i1	S0005-DNDN2270
TRINITY_DN2220_c0_g1_i1	S0005-DNDN2220
TRINITY_DN2277_c0_g1_i1	S0005-DNDN2277
TRINITY_DN2295_c0_g1_i1	S0005-DNDN2295
TRINITY_DN2234_c0_g1_i1	S0005-DNDN2234
TRINITY_DN2258_c0_g1_i1	S0005-DNDN2258
TRINITY_DN2237_c0_g1_i1	S0005-DNDN2237
TRINITY_DN2244_c0_g1_i1	S0005-DNDN2244
TRINITY_DN2251_c0_g1_i1	S0005-DNDN2251
TRINITY_DN2252_c0_g1_i1	S0005-DNDN2252
TRINITY_DN1393_c0_g1_i1	S0005-DNDN1393
TRINITY_DN1373_c0_g1_i1	S0005-DNDN1373
TRINITY_DN1321_c0_g1_i1	S0005-DNDN1321
TRINITY_DN1312_c0_g1_i1	S0005-DNDN1312
TRINITY_DN1324_c0_g1_i1	S0005-DNDN1324
TRINITY_DN1385_c0_g1_i1	S0005-DNDN1385
TRINITY_DN1371_c0_g1_i1	S0005-DNDN1371
TRINITY_DN1381_c0_g1_i1	S0005-DNDN1381
TRINITY_DN1397_c0_g1_i1	S0005-DNDN1397
TRINITY_DN1329_c0_g1_i1	S0005-DNDN1329
TRINITY_DN1361_c0_g1_i1	S0005-DNDN1361
TRINITY_DN1327_c0_g1_i1	S0005-DNDN1327
TRINITY_DN1387_c0_g1_i1	S0005-DNDN1387
TRINITY_DN1310_c0_g1_i1	S0005-DNDN1310
TRINITY_DN1322_c0_g1_i1	S0005-DNDN1322
TRINITY_DN1315_c0_g1_i1	S0005-DNDN1315
TRINITY_DN1311_c0_g1_i1	S0005-DNDN1311
TRINITY_DN1304_c0_g1_i1	S0005-DNDN1304
TRINITY_DN1347_c0_g1_i1	S0005-DNDN1347
TRINITY_DN1382_c0_g1_i1	S0005-DNDN1382
TRINITY_DN1355_c0_g1_i1	S0005-DNDN1355
TRINITY_DN1303_c0_g1_i1	S0005-DNDN1303
TRINITY_DN1392_c0_g1_i1	S0005-DNDN1392
TRINITY_DN1320_c0_g1_i1	S0005-DNDN1320
TRINITY_DN1348_c0_g1_i1	S0005-DNDN1348
TRINITY_DN1334_c0_g1_i1	S0005-DNDN1334
TRINITY_DN1395_c0_g1_i1	S0005-DNDN1395
TRINITY_DN1363_c0_g1_i1	S0005-DNDN1363
TRINITY_DN1342_c0_g1_i1	S0005-DNDN1342
TRINITY_DN1399_c0_g1_i1	S0005-DNDN1399
TRINITY_DN1369_c0_g1_i1	S0005-DNDN1369
TRINITY_DN1337_c0_g1_i1	S0005-DNDN1337
TRINITY_DN1307_c0_g1_i1	S0005-DNDN1307
TRINITY_DN1302_c0_g1_i1	S0005-DNDN1302
TRINITY_DN1318_c0_g1_i1	S0005-DNDN1318
TRINITY_DN1343_c0_g1_i1	S0005-DNDN1343
TRINITY_DN1389_c0_g1_i1	S0005-DNDN1389
TRINITY_DN1377_c0_g1_i1	S0005-DNDN1377
TRINITY_DN1398_c0_g1_i1	S0005-DNDN1398
TRINITY_DN1356_c0_g1_i1	S0005-DNDN1356
TRINITY_DN1357_c0_g1_i1	S0005-DNDN1357
TRINITY_DN1364_c0_g1_i1	S0005-DNDN1364
TRINITY_DN1317_c0_g1_i1	S0005-DNDN1317
TRINITY_DN1390_c0_g1_i1	S0005-DNDN1390
TRINITY_DN1344_c0_g1_i1	S0005-DNDN1344
TRINITY_DN1330_c0_g1_i1	S0005-DNDN1330
TRINITY_DN1323_c0_g1_i1	S0005-DNDN1323
TRINITY_DN1388_c0_g1_i1	S0005-DNDN1388
TRINITY_DN1370_c0_g1_i1	S0005-DNDN1370
TRINITY_DN1325_c0_g1_i1	S0005-DNDN1325
TRINITY_DN1319_c0_g1_i1	S0005-DNDN1319
TRINITY_DN1366_c0_g1_i1	S0005-DNDN1366
TRINITY_DN1316_c0_g1_i1	S0005-DNDN1316
TRINITY_DN1341_c0_g1_i1	S0005-DNDN1341
TRINITY_DN1308_c0_g1_i1	S0005-DNDN1308
TRINITY_DN1332_c0_g1_i1	S0005-DNDN1332
TRINITY_DN1351_c0_g1_i1	S0005-DNDN1351
TRINITY_DN1313_c0_g1_i1	S0005-DNDN1313
TRINITY_DN1338_c0_g1_i1	S0005-DNDN1338
TRINITY_DN1335_c0_g1_i1	S0005-DNDN1335
TRINITY_DN1358_c0_g1_i1	S0005-DNDN1358
TRINITY_DN1367_c0_g1_i1	S0005-DNDN1367
TRINITY_DN1352_c0_g1_i1	S0005-DNDN1352
TRINITY_DN1306_c0_g1_i1	S0005-DNDN1306
TRINITY_DN1326_c0_g1_i1	S0005-DNDN1326
TRINITY_DN1379_c0_g1_i1	S0005-DNDN1379
TRINITY_DN1368_c0_g1_i1	S0005-DNDN1368
TRINITY_DN1374_c0_g1_i1	S0005-DNDN1374
TRINITY_DN1301_c0_g1_i1	S0005-DNDN1301
TRINITY_DN1360_c0_g1_i1	S0005-DNDN1360
TRINITY_DN1386_c0_g1_i1	S0005-DNDN1386
TRINITY_DN1328_c0_g1_i1	S0005-DNDN1328
TRINITY_DN1380_c0_g1_i1	S0005-DNDN1380
TRINITY_DN1300_c0_g1_i1	S0005-DNDN1300
TRINITY_DN1309_c0_g1_i1	S0005-DNDN1309
TRINITY_DN1353_c0_g1_i1	S0005-DNDN1353
TRINITY_DN1305_c0_g1_i1	S0005-DNDN1305
TRINITY_DN1365_c0_g1_i1	S0005-DNDN1365
TRINITY_DN1391_c0_g1_i1	S0005-DNDN1391
TRINITY_DN1331_c0_g1_i1	S0005-DNDN1331
TRINITY_DN1383_c0_g1_i1	S0005-DNDN1383
TRINITY_DN1362_c0_g1_i1	S0005-DNDN1362
TRINITY_DN1359_c0_g1_i1	S0005-DNDN1359
TRINITY_DN1349_c0_g1_i1	S0005-DNDN1349
TRINITY_DN1378_c0_g1_i1	S0005-DNDN1378
TRINITY_DN1396_c0_g1_i1	S0005-DNDN1396
TRINITY_DN1345_c0_g1_i1	S0005-DNDN1345
TRINITY_DN1314_c0_g1_i1	S0005-DNDN1314
TRINITY_DN1346_c0_g1_i1	S0005-DNDN1346
TRINITY_DN1394_c0_g1_i1	S0005-DNDN1394
TRINITY_DN1354_c0_g1_i1	S0005-DNDN1354
TRINITY_DN1376_c0_g1_i1	S0005-DNDN1376
TRINITY_DN1336_c0_g1_i1	S0005-DNDN1336
TRINITY_DN1372_c0_g1_i1	S0005-DNDN1372
TRINITY_DN1333_c0_g1_i1	S0005-DNDN1333
TRINITY_DN1350_c0_g1_i1	S0005-DNDN1350
TRINITY_DN1384_c0_g1_i1	S0005-DNDN1384
TRINITY_DN1687_c0_g1_i1	S0005-DNDN1687
TRINITY_DN1632_c0_g1_i1	S0005-DNDN1632
TRINITY_DN1602_c0_g1_i1	S0005-DNDN1602
TRINITY_DN1641_c0_g1_i1	S0005-DNDN1641
TRINITY_DN1655_c0_g1_i1	S0005-DNDN1655
TRINITY_DN1657_c0_g1_i1	S0005-DNDN1657
TRINITY_DN1650_c0_g1_i1	S0005-DNDN1650
TRINITY_DN1617_c0_g1_i1	S0005-DNDN1617
TRINITY_DN1605_c0_g1_i1	S0005-DNDN1605
TRINITY_DN1694_c0_g1_i1	S0005-DNDN1694
TRINITY_DN1673_c0_g1_i1	S0005-DNDN1673
TRINITY_DN1667_c0_g1_i1	S0005-DNDN1667
TRINITY_DN1613_c0_g1_i1	S0005-DNDN1613
TRINITY_DN1613_c1_g1_i1	S0005-DNDN1613
TRINITY_DN1624_c0_g1_i1	S0005-DNDN1624
TRINITY_DN1693_c0_g1_i1	S0005-DNDN1693
TRINITY_DN1666_c0_g1_i1	S0005-DNDN1666
TRINITY_DN1660_c0_g1_i1	S0005-DNDN1660
TRINITY_DN1625_c0_g1_i1	S0005-DNDN1625
TRINITY_DN1634_c0_g1_i1	S0005-DNDN1634
TRINITY_DN1640_c0_g1_i1	S0005-DNDN1640
TRINITY_DN1652_c0_g1_i1	S0005-DNDN1652
TRINITY_DN1680_c0_g1_i1	S0005-DNDN1680
TRINITY_DN1688_c0_g1_i1	S0005-DNDN1688
TRINITY_DN1614_c0_g1_i1	S0005-DNDN1614
TRINITY_DN1620_c0_g1_i1	S0005-DNDN1620
TRINITY_DN1692_c0_g1_i1	S0005-DNDN1692
TRINITY_DN1631_c0_g1_i1	S0005-DNDN1631
TRINITY_DN1685_c0_g1_i1	S0005-DNDN1685
TRINITY_DN1691_c0_g1_i1	S0005-DNDN1691
TRINITY_DN1647_c0_g1_i1	S0005-DNDN1647
TRINITY_DN1681_c0_g1_i1	S0005-DNDN1681
TRINITY_DN1619_c0_g1_i1	S0005-DNDN1619
TRINITY_DN1676_c0_g1_i1	S0005-DNDN1676
TRINITY_DN1665_c0_g1_i1	S0005-DNDN1665
TRINITY_DN1674_c0_g1_i1	S0005-DNDN1674
TRINITY_DN1621_c0_g1_i1	S0005-DNDN1621
TRINITY_DN1679_c0_g1_i1	S0005-DNDN1679
TRINITY_DN1668_c0_g1_i1	S0005-DNDN1668
TRINITY_DN1671_c0_g1_i1	S0005-DNDN1671
TRINITY_DN1628_c0_g1_i1	S0005-DNDN1628
TRINITY_DN1654_c0_g1_i1	S0005-DNDN1654
TRINITY_DN1695_c0_g1_i1	S0005-DNDN1695
TRINITY_DN1683_c0_g1_i1	S0005-DNDN1683
TRINITY_DN1642_c0_g1_i1	S0005-DNDN1642
TRINITY_DN1630_c0_g1_i1	S0005-DNDN1630
TRINITY_DN1670_c0_g1_i1	S0005-DNDN1670
TRINITY_DN1635_c0_g1_i1	S0005-DNDN1635
TRINITY_DN1663_c0_g1_i1	S0005-DNDN1663
TRINITY_DN1618_c0_g1_i1	S0005-DNDN1618
TRINITY_DN1662_c0_g1_i1	S0005-DNDN1662
TRINITY_DN1633_c0_g1_i1	S0005-DNDN1633
TRINITY_DN1651_c0_g1_i1	S0005-DNDN1651
TRINITY_DN1629_c0_g1_i1	S0005-DNDN1629
TRINITY_DN1616_c0_g1_i1	S0005-DNDN1616
TRINITY_DN1636_c0_g1_i1	S0005-DNDN1636
TRINITY_DN1608_c0_g1_i1	S0005-DNDN1608
TRINITY_DN1699_c0_g1_i1	S0005-DNDN1699
TRINITY_DN1653_c0_g1_i1	S0005-DNDN1653
TRINITY_DN1626_c0_g1_i1	S0005-DNDN1626
TRINITY_DN1606_c0_g1_i1	S0005-DNDN1606
TRINITY_DN1603_c0_g1_i1	S0005-DNDN1603
TRINITY_DN1600_c0_g1_i1	S0005-DNDN1600
TRINITY_DN1612_c0_g1_i1	S0005-DNDN1612
TRINITY_DN1627_c0_g1_i1	S0005-DNDN1627
TRINITY_DN1639_c0_g1_i1	S0005-DNDN1639
TRINITY_DN1661_c0_g1_i1	S0005-DNDN1661
TRINITY_DN1656_c0_g1_i1	S0005-DNDN1656
TRINITY_DN1672_c0_g1_i1	S0005-DNDN1672
TRINITY_DN1659_c0_g1_i1	S0005-DNDN1659
TRINITY_DN1675_c0_g1_i1	S0005-DNDN1675
TRINITY_DN1622_c0_g1_i1	S0005-DNDN1622
TRINITY_DN1637_c0_g1_i1	S0005-DNDN1637
TRINITY_DN1648_c0_g1_i1	S0005-DNDN1648
TRINITY_DN1696_c0_g1_i1	S0005-DNDN1696
TRINITY_DN1643_c0_g1_i1	S0005-DNDN1643
TRINITY_DN1646_c0_g1_i1	S0005-DNDN1646
TRINITY_DN1698_c0_g1_i1	S0005-DNDN1698
TRINITY_DN1609_c0_g1_i1	S0005-DNDN1609
TRINITY_DN1649_c0_g1_i1	S0005-DNDN1649
TRINITY_DN1697_c0_g1_i1	S0005-DNDN1697
TRINITY_DN1658_c0_g1_i1	S0005-DNDN1658
TRINITY_DN1678_c0_g1_i1	S0005-DNDN1678
TRINITY_DN1623_c0_g1_i1	S0005-DNDN1623
TRINITY_DN1611_c0_g1_i1	S0005-DNDN1611
TRINITY_DN1686_c0_g1_i1	S0005-DNDN1686
